"Number","PriceIncVat","ListNumber","ValidFrom","LastSyncedAt"
"000001","22,04","0","2025/08/26 00:00:00","2026/08/03 08:58:00"
"040881","1,99","0","2025/11/17 00:00:00","2026/08/03 08:58:00"
"04995","23,99","0","2025/10/20 00:00:00","2026/08/03 08:58:00"
"050409","32,99","0","2025/10/19 00:00:00","2026/08/03 08:58:00"
"0605","14,99","0","2025/10/07 00:00:00","2026/08/03 08:58:00"
"07002","9,99","0","2025/11/26 00:00:00","2026/08/03 08:58:00"
"0791","499,99","0","2025/10/17 00:00:00","2026/08/03 08:58:00"
"10121","26,99","0","2025/10/07 00:00:00","2026/08/03 08:58:00"
"10286","4,50","0","2025/11/26 00:00:00","2026/08/03 08:58:00"
"10290","59,99","0","2025/10/07 00:00:00","2026/08/03 08:58:00"
"10295","24,99","0","2025/10/20 00:00:00","2026/08/03 08:58:00"
"10298","24,99","0","2025/11/26 00:00:00","2026/08/03 08:58:00"
"10311","39,99","0","2025/11/26 00:00:00","2026/08/03 08:58:00"
"10312","99,99","0","2025/11/26 00:00:00","2026/08/03 08:58:00"
"10313","169,99","0","2025/11/26 00:00:00","2026/08/03 08:58:00"
"10314","179,99","0","2025/11/26 00:00:00","2026/08/03 08:58:00"
"10315","99,99","0","2025/11/26 00:00:00","2026/08/03 08:58:00"
"10320","99,99","0","2025/11/26 00:00:00","2026/08/03 08:58:00"
"10322","99,99","0","2025/11/26 00:00:00","2026/08/03 08:58:00"
"10324","79,99","0","2025/11/26 00:00:00","2026/08/03 08:58:00"
"10325","109,99","0","2025/11/26 00:00:00","2026/08/03 08:58:00"
"10339","59,99","0","2025/10/10 00:00:00","2026/08/03 08:58:00"
"10340","34,99","0","2025/10/10 00:00:00","2026/08/03 08:58:00"
"10352","79,99","0","2025/11/26 00:00:00","2026/08/03 08:58:00"
"10354","29,99","0","2025/10/07 00:00:00","2026/08/03 08:58:00"
"10368","17,99","0","2025/10/20 00:00:00","2026/08/03 08:58:00"
"10390","14,99","0","2025/10/10 00:00:00","2026/08/03 08:58:00"
"10392","34,99","0","2025/10/10 00:00:00","2026/08/03 08:58:00"
"10415","84,99","0","2025/10/07 00:00:00","2026/08/03 08:58:00"
"10417","84,99","0","2025/10/07 00:00:00","2026/08/03 08:58:00"
"10418","84,99","0","2025/10/07 00:00:00","2026/08/03 08:58:00"
"10419","42,99","0","2025/10/07 00:00:00","2026/08/03 08:58:00"
"10420","42,99","0","2025/10/07 00:00:00","2026/08/03 08:58:00"
"10421","69,99","0","2025/10/07 00:00:00","2026/08/03 08:58:00"
"10422","69,99","0","2025/10/07 00:00:00","2026/08/03 08:58:00"
"10423","129,99","0","2025/10/07 00:00:00","2026/08/03 08:58:00"
"10424","129,99","0","2025/10/07 00:00:00","2026/08/03 08:58:00"
"10425","64,99","0","2025/10/07 00:00:00","2026/08/03 08:58:00"
"10426","124,99","0","2025/10/07 00:00:00","2026/08/03 08:58:00"
"10427","49,99","0","2025/10/06 00:00:00","2026/08/03 08:58:00"
"10428","44,99","0","2025/10/06 00:00:00","2026/08/03 08:58:00"
"10429","44,99","0","2025/10/06 00:00:00","2026/08/03 08:58:00"
"10430","44,99","0","2025/10/06 00:00:00","2026/08/03 08:58:00"
"10431","44,99","0","2025/10/06 00:00:00","2026/08/03 08:58:00"
"10432","44,99","0","2025/10/06 00:00:00","2026/08/03 08:58:00"
"10433","44,99","0","2025/10/06 00:00:00","2026/08/03 08:58:00"
"10434","44,99","0","2025/10/06 00:00:00","2026/08/03 08:58:00"
"10435","44,99","0","2025/10/06 00:00:00","2026/08/03 08:58:00"
"10437","44,99","0","2025/10/06 00:00:00","2026/08/03 08:58:00"
"10438","44,99","0","2025/10/06 00:00:00","2026/08/03 08:58:00"
"10439","59,99","0","2025/10/06 00:00:00","2026/08/03 08:58:00"
"10443","44,99","0","2025/10/06 00:00:00","2026/08/03 08:58:00"
"10445","44,99","0","2025/10/06 00:00:00","2026/08/03 08:58:00"
"10446","12,99","0","2025/11/26 00:00:00","2026/08/03 08:58:00"
"10448","12,99","0","2025/11/26 00:00:00","2026/08/03 08:58:00"
"10451","12,99","0","2025/11/26 00:00:00","2026/08/03 08:58:00"
"10452","12,99","0","2025/11/26 00:00:00","2026/08/03 08:58:00"
"10453","12,99","0","2025/10/10 00:00:00","2026/08/03 08:58:00"
"10454","12,99","0","2025/10/10 00:00:00","2026/08/03 08:58:00"
"10458","44,99","0","2025/12/01 00:00:00","2026/08/03 08:58:00"
"10459","64,99","0","2026/02/05 00:00:00","2026/08/03 08:58:00"
"10467","124,99","0","2026/02/05 00:00:00","2026/08/03 08:58:00"
"10470","49,99","0","2025/11/26 00:00:00","2026/08/03 08:58:00"
"10494","129,99","0","2025/11/26 00:00:00","2026/08/03 08:58:00"
"10499","12,99","0","2025/11/26 00:00:00","2026/08/03 08:58:00"
"10501","39,99","0","2025/11/26 00:00:00","2026/08/03 08:58:00"
"10504","99,99","0","2025/11/26 00:00:00","2026/08/03 08:58:00"
"10507","16,99","0","2025/10/10 00:00:00","2026/08/03 08:58:00"
"10512","29,99","0","2025/10/06 00:00:00","2026/08/03 08:58:00"
"10513","21,99","0","2025/10/06 00:00:00","2026/08/03 08:58:00"
"10514","22,99","0","2025/10/06 00:00:00","2026/08/03 08:58:00"
"10515","26,99","0","2025/10/06 00:00:00","2026/08/03 08:58:00"
"10516","26,99","0","2025/10/06 00:00:00","2026/08/03 08:58:00"
"10527","54,99","0","2025/10/06 00:00:00","2026/08/03 08:58:00"
"10554","16,99","0","2025/10/10 00:00:00","2026/08/03 08:58:00"
"10574","9,99","0","2025/10/10 00:00:00","2026/08/03 08:58:00"
"10575","49,99","0","2025/10/10 00:00:00","2026/08/03 08:58:00"
"10584","54,99","0","2026/02/13 00:00:00","2026/08/03 08:58:00"
"10905","44,99","0","2025/11/26 00:00:00","2026/08/03 08:58:00"
"10912","11,99","0","2025/10/17 00:00:00","2026/08/03 08:58:00"
"10913","11,99","0","2025/10/17 00:00:00","2026/08/03 08:58:00"
"10914","11,99","0","2025/10/17 00:00:00","2026/08/03 08:58:00"
"10915","20,99","0","2025/10/17 00:00:00","2026/08/03 08:58:00"
"10916","20,99","0","2025/10/17 00:00:00","2026/08/03 08:58:00"
"10917","20,99","0","2025/10/17 00:00:00","2026/08/03 08:58:00"
"10918","20,99","0","2025/10/17 00:00:00","2026/08/03 08:58:00"
"10919","20,99","0","2025/10/17 00:00:00","2026/08/03 08:58:00"
"10920","19,99","0","2025/10/17 00:00:00","2026/08/03 08:58:00"
"10921","64,99","0","2025/10/17 00:00:00","2026/08/03 08:58:00"
"10922","26,99","0","2025/10/17 00:00:00","2026/08/03 08:58:00"
"10923","14,99","0","2025/10/17 00:00:00","2026/08/03 08:58:00"
"10924","23,99","0","2025/10/17 00:00:00","2026/08/03 08:58:00"
"10925","14,99","0","2025/10/17 00:00:00","2026/08/03 08:58:00"
"10926","99,99","0","2025/10/17 00:00:00","2026/08/03 08:58:00"
"10927","14,99","0","2025/10/17 00:00:00","2026/08/03 08:58:00"
"10929","36,99","0","2025/11/26 00:00:00","2026/08/03 08:58:00"
"10930","29,99","0","2025/11/26 00:00:00","2026/08/03 08:58:00"
"10931","36,99","0","2025/11/26 00:00:00","2026/08/03 08:58:00"
"10932","39,99","0","2025/11/26 00:00:00","2026/08/03 08:58:00"
"10933","39,99","0","2025/11/26 00:00:00","2026/08/03 08:58:00"
"10934","26,99","0","2025/10/17 00:00:00","2026/08/03 08:58:00"
"10935","21,99","0","2025/10/17 00:00:00","2026/08/03 08:58:00"
"10936","23,99","0","2025/10/17 00:00:00","2026/08/03 08:58:00"
"10939","49,99","0","2025/11/26 00:00:00","2026/08/03 08:58:00"
"10942","9,99","0","2025/10/17 00:00:00","2026/08/03 08:58:00"
"10943","49,99","0","2025/10/17 00:00:00","2026/08/03 08:58:00"
"10944","74,99","0","2025/11/26 00:00:00","2026/08/03 08:58:00"
"10945","4,99","0","2025/10/17 00:00:00","2026/08/03 08:58:00"
"10946","4,99","0","2025/10/17 00:00:00","2026/08/03 08:58:00"
"10947","4,99","0","2025/10/17 00:00:00","2026/08/03 08:58:00"
"10948","11,99","0","2025/10/17 00:00:00","2026/08/03 08:58:00"
"10949","11,99","0","2025/10/17 00:00:00","2026/08/03 08:58:00"
"10950","11,99","0","2025/10/17 00:00:00","2026/08/03 08:58:00"
"10951","21,99","0","2025/10/17 00:00:00","2026/08/03 08:58:00"
"10952","16,99","0","2025/10/17 00:00:00","2026/08/03 08:58:00"
"10953","26,99","0","2025/10/17 00:00:00","2026/08/03 08:58:00"
"10954","27,99","0","2025/10/17 00:00:00","2026/08/03 08:58:00"
"10965","31,99","0","2025/10/17 00:00:00","2026/08/03 08:58:00"
"10966","20,99","0","2025/10/17 00:00:00","2026/08/03 08:58:00"
"10968","20,99","0","2025/10/17 00:00:00","2026/08/03 08:58:00"
"10969","19,99","0","2025/11/26 00:00:00","2026/08/03 08:58:00"
"10977","16,99","0","2025/11/26 00:00:00","2026/08/03 08:58:00"
"10978","59,99","0","2025/10/07 00:00:00","2026/08/03 08:58:00"
"10995","32,99","0","2025/10/17 00:00:00","2026/08/03 08:58:00"
"11","305,00","0","2025/10/21 00:00:00","2026/08/03 08:58:00"
"11004","12,99","0","2025/11/26 00:00:00","2026/08/03 08:58:00"
"11005","12,99","0","2025/10/10 00:00:00","2026/08/03 08:58:00"
"11007","44,99","0","2025/10/17 00:00:00","2026/08/03 08:58:00"
"11008","44,99","0","2025/10/17 00:00:00","2026/08/03 08:58:00"
"11009","39,99","0","2025/10/17 00:00:00","2026/08/03 08:58:00"
"11010","39,99","0","2025/10/17 00:00:00","2026/08/03 08:58:00"
"11015","19,99","0","2025/10/17 00:00:00","2026/08/03 08:58:00"
"11016","69,99","0","2025/12/29 00:00:00","2026/08/03 08:58:00"
"11017","29,99","0","2025/10/07 00:00:00","2026/08/03 08:58:00"
"11018","6,99","0","2025/10/17 00:00:00","2026/08/03 08:58:00"
"11019","20,99","0","2025/10/17 00:00:00","2026/08/03 08:58:00"
"11020","20,99","0","2025/10/17 00:00:00","2026/08/03 08:58:00"
"11021","19,99","0","2025/10/17 00:00:00","2026/08/03 08:58:00"
"11022","19,99","0","2025/10/17 00:00:00","2026/08/03 08:58:00"
"11023","19,99","0","2025/10/17 00:00:00","2026/08/03 08:58:00"
"11030","499,99","0","2025/11/26 00:00:00","2026/08/03 08:58:00"
"11034","6,99","0","2025/10/17 00:00:00","2026/08/03 08:58:00"
"11035","6,99","0","2025/10/17 00:00:00","2026/08/03 08:58:00"
"11036","6,99","0","2025/10/17 00:00:00","2026/08/03 08:58:00"
"11038","69,99","0","2025/10/10 00:00:00","2026/08/03 08:58:00"
"11051","44,99","0","2025/11/26 00:00:00","2026/08/03 08:58:00"
"11052","89,99","0","2025/10/07 00:00:00","2026/08/03 08:58:00"
"11055","6,99","0","2025/10/17 00:00:00","2026/08/03 08:58:00"
"11056","6,99","0","2025/10/17 00:00:00","2026/08/03 08:58:00"
"11057","124,99","0","2025/10/17 00:00:00","2026/08/03 08:58:00"
"11060","29,99","0","2025/11/26 00:00:00","2026/08/03 08:58:00"
"11092","49,99","0","2025/11/26 00:00:00","2026/08/03 08:58:00"
"11104","22,99","0","2025/10/17 00:00:00","2026/08/03 08:58:00"
"11105","4,99","0","2025/10/17 00:00:00","2026/08/03 08:58:00"
"11106","22,99","0","2025/10/17 00:00:00","2026/08/03 08:58:00"
"11108","49,99","0","2025/11/26 00:00:00","2026/08/03 08:58:00"
"11113","49,99","0","2025/11/26 00:00:00","2026/08/03 08:58:00"
"11145","99,99","0","2025/11/26 00:00:00","2026/08/03 08:58:00"
"11146","54,99","0","2025/11/26 00:00:00","2026/08/03 08:58:00"
"11147","154,99","0","2025/11/26 00:00:00","2026/08/03 08:58:00"
"11148","39,99","0","2025/11/26 00:00:00","2026/08/03 08:58:00"
"11149","59,99","0","2025/11/26 00:00:00","2026/08/03 08:58:00"
"11150","44,99","0","2025/10/17 00:00:00","2026/08/03 08:58:00"
"11156","42,99","0","2025/11/26 00:00:00","2026/08/03 08:58:00"
"11167","26,99","0","2025/10/07 00:00:00","2026/08/03 08:58:00"
"11175","154,99","0","2025/11/26 00:00:00","2026/08/03 08:58:00"
"11177","34,99","0","2025/10/10 00:00:00","2026/08/03 08:58:00"
"11178","59,99","0","2025/10/10 00:00:00","2026/08/03 08:58:00"
"11192","29,99","0","2025/10/07 00:00:00","2026/08/03 08:58:00"
"11218","44,99","0","2025/10/17 00:00:00","2026/08/03 08:58:00"
"11223","12,99","0","2025/10/10 00:00:00","2026/08/03 08:58:00"
"11231","16,99","0","2025/10/17 00:00:00","2026/08/03 08:58:00"
"11232","21,99","0","2025/10/17 00:00:00","2026/08/03 08:58:00"
"11233","4,99","0","2025/10/17 00:00:00","2026/08/03 08:58:00"
"11234","18,99","0","2025/10/07 00:00:00","2026/08/03 08:58:00"
"11240","54,99","0","2025/10/10 00:00:00","2026/08/03 08:58:00"
"11242","64,99","0","2025/10/06 00:00:00","2026/08/03 08:58:00"
"11243","349,99","0","2025/10/17 00:00:00","2026/08/03 08:58:00"
"11244","349,99","0","2025/10/17 00:00:00","2026/08/03 08:58:00"
"11259","34,99","0","2025/11/26 00:00:00","2026/08/03 08:58:00"
"11260","24,99","0","2025/09/11 00:00:00","2026/08/03 08:58:00"
"11270","2,99","0","2025/11/26 00:00:00","2026/08/03 08:58:00"
"11290","48,99","0","2025/10/16 00:00:00","2026/08/03 08:58:00"
"11301","29,99","0","2025/10/10 00:00:00","2026/08/03 08:58:00"
"11303","34,99","0","2025/10/10 00:00:00","2026/08/03 08:58:00"
"11312","12,99","0","2025/11/26 00:00:00","2026/08/03 08:58:00"
"11313","12,99","0","2025/11/26 00:00:00","2026/08/03 08:58:00"
"11320","49,99","0","2025/10/06 00:00:00","2026/08/03 08:58:00"
"11321","49,99","0","2025/10/06 00:00:00","2026/08/03 08:58:00"
"11323","109,99","0","2025/10/06 00:00:00","2026/08/03 08:58:00"
"11324","24,99","0","2025/10/17 00:00:00","2026/08/03 08:58:00"
"11366","59,99","0","2025/11/26 00:00:00","2026/08/03 08:58:00"
"11369","22,99","0","2025/10/20 00:00:00","2026/08/03 08:58:00"
"11370","22,99","0","2025/10/20 00:00:00","2026/08/03 08:58:00"
"11371","44,99","0","2025/11/26 00:00:00","2026/08/03 08:58:00"
"11393","69,99","0","2025/10/06 00:00:00","2026/08/03 08:58:00"
"11396","12,99","0","2025/11/26 00:00:00","2026/08/03 08:58:00"
"11397","64,99","0","2025/10/06 00:00:00","2026/08/03 08:58:00"
"11399","29,99","0","2025/10/06 00:00:00","2026/08/03 08:58:00"
"11400","29,99","0","2025/10/06 00:00:00","2026/08/03 08:58:00"
"11406","339,99","0","2025/10/17 00:00:00","2026/08/03 08:58:00"
"11407","259,99","0","2025/10/17 00:00:00","2026/08/03 08:58:00"
"11408","259,99","0","2025/10/17 00:00:00","2026/08/03 08:58:00"
"11409","12,99","0","2025/10/17 00:00:00","2026/08/03 08:58:00"
"11423","12,99","0","2025/10/10 00:00:00","2026/08/03 08:58:00"
"11424","12,99","0","2025/10/10 00:00:00","2026/08/03 08:58:00"
"11426","24,99","0","2025/10/17 00:00:00","2026/08/03 08:58:00"
"11427","29,99","0","2025/10/07 00:00:00","2026/08/03 08:58:00"
"11428","12,99","0","2025/11/26 00:00:00","2026/08/03 08:58:00"
"11429","12,99","0","2025/11/26 00:00:00","2026/08/03 08:58:00"
"11441","32,99","0","2025/10/20 00:00:00","2026/08/03 08:58:00"
"11447","44,99","0","2025/10/06 00:00:00","2026/08/03 08:58:00"
"11448","24,99","0","2025/10/17 00:00:00","2026/08/03 08:58:00"
"11449","54,99","0","2025/10/17 00:00:00","2026/08/03 08:58:00"
"11450","14,99","0","2025/10/17 00:00:00","2026/08/03 08:58:00"
"11451","34,99","0","2025/10/17 00:00:00","2026/08/03 08:58:00"
"11452","119,99","0","2025/10/17 00:00:00","2026/08/03 08:58:00"
"11453","15,99","0","2025/10/17 00:00:00","2026/08/03 08:58:00"
"11454","42,99","0","2025/10/17 00:00:00","2026/08/03 08:58:00"
"11455","42,99","0","2025/10/17 00:00:00","2026/08/03 08:58:00"
"11456","42,99","0","2025/10/17 00:00:00","2026/08/03 08:58:00"
"11457","42,99","0","2025/10/17 00:00:00","2026/08/03 08:58:00"
"11458","49,99","0","2025/10/17 00:00:00","2026/08/03 08:58:00"
"11459","21,99","0","2025/10/17 00:00:00","2026/08/03 08:58:00"
"11460","19,99","0","2025/10/17 00:00:00","2026/08/03 08:58:00"
"11461","19,99","0","2025/10/17 00:00:00","2026/08/03 08:58:00"
"11462","28,99","0","2025/10/17 00:00:00","2026/08/03 08:58:00"
"11463","28,99","0","2025/10/17 00:00:00","2026/08/03 08:58:00"
"11464","28,99","0","2025/10/17 00:00:00","2026/08/03 08:58:00"
"11465","27,99","0","2025/10/17 00:00:00","2026/08/03 08:58:00"
"11466","14,99","0","2025/10/15 00:00:00","2026/08/03 08:58:00"
"11467","14,99","0","2025/10/15 00:00:00","2026/08/03 08:58:00"
"11468","14,99","0","2025/10/15 00:00:00","2026/08/03 08:58:00"
"11469","14,99","0","2025/10/15 00:00:00","2026/08/03 08:58:00"
"11470","14,99","0","2025/10/15 00:00:00","2026/08/03 08:58:00"
"11471","14,99","0","2025/10/15 00:00:00","2026/08/03 08:58:00"
"11472","14,99","0","2025/10/15 00:00:00","2026/08/03 08:58:00"
"11473","5,99","0","2025/10/15 00:00:00","2026/08/03 08:58:00"
"11474","5,99","0","2025/10/15 00:00:00","2026/08/03 08:58:00"
"11475","5,99","0","2025/10/15 00:00:00","2026/08/03 08:58:00"
"11476","5,99","0","2025/10/15 00:00:00","2026/08/03 08:58:00"
"11477","5,99","0","2025/10/15 00:00:00","2026/08/03 08:58:00"
"11478","5,99","0","2025/10/15 00:00:00","2026/08/03 08:58:00"
"11479","5,99","0","2025/10/15 00:00:00","2026/08/03 08:58:00"
"11480","19,99","0","2025/10/15 00:00:00","2026/08/03 08:58:00"
"11481","19,99","0","2025/10/15 00:00:00","2026/08/03 08:58:00"
"11482","19,99","0","2025/10/15 00:00:00","2026/08/03 08:58:00"
"11483","19,99","0","2025/10/15 00:00:00","2026/08/03 08:58:00"
"11484","19,99","0","2025/10/15 00:00:00","2026/08/03 08:58:00"
"11485","19,99","0","2025/10/15 00:00:00","2026/08/03 08:58:00"
"11491","7,99","0","2025/10/15 00:00:00","2026/08/03 08:58:00"
"11492","7,99","0","2025/10/15 00:00:00","2026/08/03 08:58:00"
"11493","7,99","0","2025/10/15 00:00:00","2026/08/03 08:58:00"
"11494","7,99","0","2025/10/15 00:00:00","2026/08/03 08:58:00"
"11495","7,99","0","2025/10/15 00:00:00","2026/08/03 08:58:00"
"11498","29,99","0","2026/02/13 00:00:00","2026/08/03 08:58:00"
"11499","17,99","0","2025/10/20 00:00:00","2026/08/03 08:58:00"
"11500","17,99","0","2025/10/20 00:00:00","2026/08/03 08:58:00"
"11501","17,99","0","2025/10/20 00:00:00","2026/08/03 08:58:00"
"11502","29,99","0","2025/10/20 00:00:00","2026/08/03 08:58:00"
"11503","18,99","0","2025/10/20 00:00:00","2026/08/03 08:58:00"
"11504","18,99","0","2025/10/20 00:00:00","2026/08/03 08:58:00"
"11505","18,99","0","2025/10/20 00:00:00","2026/08/03 08:58:00"
"11506","18,99","0","2025/10/20 00:00:00","2026/08/03 08:58:00"
"11507","18,99","0","2025/10/20 00:00:00","2026/08/03 08:58:00"
"11508","14,99","0","2025/10/20 00:00:00","2026/08/03 08:58:00"
"11516","14,99","0","2025/09/01 00:00:00","2026/08/03 08:58:00"
"11517","109,99","0","2025/12/01 00:00:00","2026/08/03 08:58:00"
"11532","149,99","0","2026/04/01 00:00:00","2026/08/03 08:58:00"
"11536","149,99","0","2026/04/01 00:00:00","2026/08/03 08:58:00"
"11539","11,99","0","2025/10/15 00:00:00","2026/08/03 08:58:00"
"11540","11,99","0","2025/10/15 00:00:00","2026/08/03 08:58:00"
"11541","12,99","0","2025/11/26 00:00:00","2026/08/03 08:58:00"
"11542","12,99","0","2025/10/10 00:00:00","2026/08/03 08:58:00"
"11543","12,99","0","2025/11/26 00:00:00","2026/08/03 08:58:00"
"11545","39,99","0","2025/10/10 00:00:00","2026/08/03 08:58:00"
"11551","17,99","0","2025/10/10 00:00:00","2026/08/03 08:58:00"
"11552","17,99","0","2025/10/10 00:00:00","2026/08/03 08:58:00"
"11553","17,99","0","2025/10/10 00:00:00","2026/08/03 08:58:00"
"11554","17,99","0","2025/10/10 00:00:00","2026/08/03 08:58:00"
"11555","17,99","0","2025/10/10 00:00:00","2026/08/03 08:58:00"
"11556","17,99","0","2025/10/10 00:00:00","2026/08/03 08:58:00"
"11557","19,99","0","2025/10/10 00:00:00","2026/08/03 08:58:00"
"11558","19,99","0","2025/10/10 00:00:00","2026/08/03 08:58:00"
"11559","19,99","0","2025/10/10 00:00:00","2026/08/03 08:58:00"
"11560","14,99","0","2025/10/20 00:00:00","2026/08/03 08:58:00"
"11561","14,99","0","2025/10/20 00:00:00","2026/08/03 08:58:00"
"11563","14,99","0","2025/10/20 00:00:00","2026/08/03 08:58:00"
"11564","32,99","0","2025/10/06 00:00:00","2026/08/03 08:58:00"
"11565","19,99","0","2025/10/06 00:00:00","2026/08/03 08:58:00"
"11566","19,99","0","2025/10/06 00:00:00","2026/08/03 08:58:00"
"11568","49,99","0","2025/10/06 00:00:00","2026/08/03 08:58:00"
"11569","19,99","0","2025/10/06 00:00:00","2026/08/03 08:58:00"
"11570","29,99","0","2025/10/06 00:00:00","2026/08/03 08:58:00"
"11571","29,99","0","2025/10/06 00:00:00","2026/08/03 08:58:00"
"11573","54,99","0","2025/10/06 00:00:00","2026/08/03 08:58:00"
"11580","12,99","0","2025/10/20 00:00:00","2026/08/03 08:58:00"
"11581","12,99","0","2025/10/20 00:00:00","2026/08/03 08:58:00"
"11582","12,99","0","2025/10/20 00:00:00","2026/08/03 08:58:00"
"11583","12,99","0","2025/10/20 00:00:00","2026/08/03 08:58:00"
"11584","13,99","0","2025/10/07 00:00:00","2026/08/03 08:58:00"
"11586","13,99","0","2025/10/07 00:00:00","2026/08/03 08:58:00"
"11587","24,99","0","2025/10/20 00:00:00","2026/08/03 08:58:00"
"11588","24,99","0","2025/10/20 00:00:00","2026/08/03 08:58:00"
"11589","24,99","0","2025/10/20 00:00:00","2026/08/03 08:58:00"
"11590","24,99","0","2025/10/20 00:00:00","2026/08/03 08:58:00"
"11591","24,99","0","2025/10/20 00:00:00","2026/08/03 08:58:00"
"11592","24,99","0","2025/10/20 00:00:00","2026/08/03 08:58:00"
"11593","42,99","0","2026/02/20 00:00:00","2026/08/03 08:58:00"
"11594","29,99","0","2026/02/20 00:00:00","2026/08/03 08:58:00"
"11595","42,99","0","2026/02/20 00:00:00","2026/08/03 08:58:00"
"11596","84,99","0","2026/02/20 00:00:00","2026/08/03 08:58:00"
"11597","32,99","0","2026/02/20 00:00:00","2026/08/03 08:58:00"
"11598","19,99","0","2026/02/20 00:00:00","2026/08/03 08:58:00"
"11599","84,99","0","2026/02/20 00:00:00","2026/08/03 08:58:00"
"11603","169,99","0","2025/11/26 00:00:00","2026/08/03 08:58:00"
"11604","12,99","0","2025/11/26 00:00:00","2026/08/03 08:58:00"
"11605","12,99","0","2025/10/10 00:00:00","2026/08/03 08:58:00"
"11606","12,99","0","2025/10/10 00:00:00","2026/08/03 08:58:00"
"11607","12,99","0","2025/10/10 00:00:00","2026/08/03 08:58:00"
"11608","12,99","0","2025/10/10 00:00:00","2026/08/03 08:58:00"
"11609","12,99","0","2025/10/10 00:00:00","2026/08/03 08:58:00"
"11610","12,99","0","2025/10/10 00:00:00","2026/08/03 08:58:00"
"11611","12,99","0","2025/10/10 00:00:00","2026/08/03 08:58:00"
"11612","12,99","0","2025/11/26 00:00:00","2026/08/03 08:58:00"
"11613","12,99","0","2025/11/26 00:00:00","2026/08/03 08:58:00"
"11614","12,99","0","2025/11/26 00:00:00","2026/08/03 08:58:00"
"11615","12,99","0","2025/10/10 00:00:00","2026/08/03 08:58:00"
"11616","12,99","0","2025/11/26 00:00:00","2026/08/03 08:58:00"
"11617","12,99","0","2025/10/10 00:00:00","2026/08/03 08:58:00"
"11618","12,99","0","2025/11/26 00:00:00","2026/08/03 08:58:00"
"11619","12,99","0","2025/10/10 00:00:00","2026/08/03 08:58:00"
"11622","18,99","0","2025/11/28 00:00:00","2026/08/03 08:58:00"
"11624","11,99","0","2025/10/15 00:00:00","2026/08/03 08:58:00"
"11625","11,99","0","2025/10/15 00:00:00","2026/08/03 08:58:00"
"11626","11,99","0","2025/10/15 00:00:00","2026/08/03 08:58:00"
"11633","79,99","0","2026/02/18 00:00:00","2026/08/03 08:58:00"
"11634","11,99","0","2025/10/15 00:00:00","2026/08/03 08:58:00"
"11635","11,99","0","2025/10/15 00:00:00","2026/08/03 08:58:00"
"11636","11,99","0","2025/10/15 00:00:00","2026/08/03 08:58:00"
"11637","11,99","0","2025/10/15 00:00:00","2026/08/03 08:58:00"
"11638","11,99","0","2025/10/15 00:00:00","2026/08/03 08:58:00"
"11655","10,00","0","2025/11/26 00:00:00","2026/08/03 08:58:00"
"11656","15,00","0","2025/11/26 00:00:00","2026/08/03 08:58:00"
"11657","15,00","0","2025/11/26 00:00:00","2026/08/03 08:58:00"
"11669","84,99","0","2025/09/25 00:00:00","2026/08/03 08:58:00"
"11670","54,99","0","2025/09/25 00:00:00","2026/08/03 08:58:00"
"11671","84,99","0","2025/09/25 00:00:00","2026/08/03 08:58:00"
"11672","54,99","0","2025/09/25 00:00:00","2026/08/03 08:58:00"
"11673","84,99","0","2025/09/25 00:00:00","2026/08/03 08:58:00"
"11674","54,99","0","2025/09/25 00:00:00","2026/08/03 08:58:00"
"11675","84,99","0","2025/09/25 00:00:00","2026/08/03 08:58:00"
"11676","54,99","0","2025/09/25 00:00:00","2026/08/03 08:58:00"
"11677","84,99","0","2025/09/25 00:00:00","2026/08/03 08:58:00"
"11678","54,99","0","2025/09/25 00:00:00","2026/08/03 08:58:00"
"11679","84,99","0","2025/09/25 00:00:00","2026/08/03 08:58:00"
"11680","54,99","0","2025/09/25 00:00:00","2026/08/03 08:58:00"
"11681","84,99","0","2025/09/25 00:00:00","2026/08/03 08:58:00"
"11682","54,99","0","2025/09/25 00:00:00","2026/08/03 08:58:00"
"11683","89,99","0","2025/09/25 00:00:00","2026/08/03 08:58:00"
"11684","89,99","0","2025/09/25 00:00:00","2026/08/03 08:58:00"
"11685","26,99","0","2025/10/06 00:00:00","2026/08/03 08:58:00"
"11686","22,99","0","2025/10/17 00:00:00","2026/08/03 08:58:00"
"11687","22,99","0","2025/10/17 00:00:00","2026/08/03 08:58:00"
"11688","7,99","0","2025/10/17 00:00:00","2026/08/03 08:58:00"
"11689","7,99","0","2025/10/17 00:00:00","2026/08/03 08:58:00"
"11690","14,99","0","2025/10/17 00:00:00","2026/08/03 08:58:00"
"11691","15,99","0","2025/10/20 00:00:00","2026/08/03 08:58:00"
"11692","19,99","0","2025/10/10 00:00:00","2026/08/03 08:58:00"
"11693","19,99","0","2025/10/10 00:00:00","2026/08/03 08:58:00"
"11700","119,99","0","2025/10/15 00:00:00","2026/08/03 08:58:00"
"11701","119,99","0","2025/10/15 00:00:00","2026/08/03 08:58:00"
"11702","119,99","0","2025/10/15 00:00:00","2026/08/03 08:58:00"
"11703","119,99","0","2025/10/15 00:00:00","2026/08/03 08:58:00"
"11704","119,99","0","2025/10/15 00:00:00","2026/08/03 08:58:00"
"11705","119,99","0","2025/10/15 00:00:00","2026/08/03 08:58:00"
"11706","9,99","0","2025/11/26 00:00:00","2026/08/03 08:58:00"
"11708","49,99","0","2025/11/26 00:00:00","2026/08/03 08:58:00"
"11710","526,99","0","2025/12/17 00:00:00","2026/08/03 08:58:00"
"11711","625,99","0","2025/12/17 00:00:00","2026/08/03 08:58:00"
"11712","292,99","0","2025/12/17 00:00:00","2026/08/03 08:58:00"
"11713","263,99","0","2025/12/17 00:00:00","2026/08/03 08:58:00"
"11714","341,99","0","2025/12/17 00:00:00","2026/08/03 08:58:00"
"11715","341,99","0","2025/12/17 00:00:00","2026/08/03 08:58:00"
"11716","224,99","0","2025/12/17 00:00:00","2026/08/03 08:58:00"
"11717","136,99","0","2025/12/17 00:00:00","2026/08/03 08:58:00"
"11719","126,99","0","2025/12/17 00:00:00","2026/08/03 08:58:00"
"11720","360,99","0","2025/12/17 00:00:00","2026/08/03 08:58:00"
"11721","345,99","0","2025/12/17 00:00:00","2026/08/03 08:58:00"
"11722","89,99","0","2025/12/17 00:00:00","2026/08/03 08:58:00"
"11723","213,99","0","2025/12/17 00:00:00","2026/08/03 08:58:00"
"11724","29,99","0","2025/12/17 00:00:00","2026/08/03 08:58:00"
"11725","26,99","0","2025/12/17 00:00:00","2026/08/03 08:58:00"
"11726","34,99","0","2025/12/17 00:00:00","2026/08/03 08:58:00"
"11727","34,99","0","2025/12/17 00:00:00","2026/08/03 08:58:00"
"11728","22,99","0","2025/12/17 00:00:00","2026/08/03 08:58:00"
"11729","13,99","0","2025/12/17 00:00:00","2026/08/03 08:58:00"
"11730","139,99","0","2025/12/17 00:00:00","2026/08/03 08:58:00"
"11731","12,99","0","2025/12/17 00:00:00","2026/08/03 08:58:00"
"11732","369,99","0","2025/12/17 00:00:00","2026/08/03 08:58:00"
"11733","353,99","0","2025/12/17 00:00:00","2026/08/03 08:58:00"
"11734","39,99","0","2025/10/10 00:00:00","2026/08/03 08:58:00"
"11735","39,99","0","2025/10/10 00:00:00","2026/08/03 08:58:00"
"11736","42,99","0","2025/10/17 00:00:00","2026/08/03 08:58:00"
"11737","28,99","0","2025/10/17 00:00:00","2026/08/03 08:58:00"
"11738","28,99","0","2025/10/17 00:00:00","2026/08/03 08:58:00"
"11739","69,99","0","2025/11/26 00:00:00","2026/08/03 08:58:00"
"11740","89,99","0","2025/11/26 00:00:00","2026/08/03 08:58:00"
"11745","59,99","0","2025/11/26 00:00:00","2026/08/03 08:58:00"
"11747","19,99","0","2025/11/26 00:00:00","2026/08/03 08:58:00"
"11748","19,99","0","2025/11/26 00:00:00","2026/08/03 08:58:00"
"11749","19,99","0","2025/11/26 00:00:00","2026/08/03 08:58:00"
"11750","18,99","0","2025/10/07 00:00:00","2026/08/03 08:58:00"
"11751","46,99","0","2025/10/07 00:00:00","2026/08/03 08:58:00"
"11752","12,99","0","2025/10/07 00:00:00","2026/08/03 08:58:00"
"11753","12,99","0","2025/10/07 00:00:00","2026/08/03 08:58:00"
"11754","12,99","0","2025/10/07 00:00:00","2026/08/03 08:58:00"
"11755","12,99","0","2025/10/07 00:00:00","2026/08/03 08:58:00"
"11756","17,99","0","2025/10/07 00:00:00","2026/08/03 08:58:00"
"11757","17,99","0","2025/10/07 00:00:00","2026/08/03 08:58:00"
"11758","69,99","0","2025/10/07 00:00:00","2026/08/03 08:58:00"
"11759","139,99","0","2025/10/07 00:00:00","2026/08/03 08:58:00"
"11760","139,99","0","2025/10/07 00:00:00","2026/08/03 08:58:00"
"11772","159,99","0","2025/11/26 00:00:00","2026/08/03 08:58:00"
"11773","159,99","0","2025/11/26 00:00:00","2026/08/03 08:58:00"
"11774","34,99","0","2025/11/26 00:00:00","2026/08/03 08:58:00"
"11778","64,99","0","2025/12/17 00:00:00","2026/08/03 08:58:00"
"11779","633,99","0","2025/12/17 00:00:00","2026/08/03 08:58:00"
"11783","79,99","0","2026/02/18 00:00:00","2026/08/03 08:58:00"
"11784","14,99","0","2025/10/07 00:00:00","2026/08/03 08:58:00"
"11785","14,99","0","2025/10/07 00:00:00","2026/08/03 08:58:00"
"11786","14,99","0","2025/10/07 00:00:00","2026/08/03 08:58:00"
"11820","34,99","0","2026/02/18 00:00:00","2026/08/03 08:58:00"
"11821","126,99","0","2025/10/13 00:00:00","2026/08/03 08:58:00"
"11822","119,99","0","2025/10/13 00:00:00","2026/08/03 08:58:00"
"11823","119,99","0","2025/10/13 00:00:00","2026/08/03 08:58:00"
"11824","119,99","0","2025/10/13 00:00:00","2026/08/03 08:58:00"
"11825","119,99","0","2025/10/13 00:00:00","2026/08/03 08:58:00"
"11826","119,99","0","2025/10/13 00:00:00","2026/08/03 08:58:00"
"11827","12,99","0","2025/11/26 00:00:00","2026/08/03 08:58:00"
"11829","16,99","0","2025/11/26 00:00:00","2026/08/03 08:58:00"
"11830","22,99","0","2025/11/26 00:00:00","2026/08/03 08:58:00"
"11832","89,99","0","2025/12/03 00:00:00","2026/08/03 08:58:00"
"11834","89,99","0","2025/12/03 00:00:00","2026/08/03 08:58:00"
"11835","15,99","0","2025/12/03 00:00:00","2026/08/03 08:58:00"
"11851","116,99","0","2025/10/13 00:00:00","2026/08/03 08:58:00"
"11852","116,99","0","2025/10/13 00:00:00","2026/08/03 08:58:00"
"11853","116,99","0","2025/10/13 00:00:00","2026/08/03 08:58:00"
"11854","89,99","0","2025/10/13 00:00:00","2026/08/03 08:58:00"
"11855","59,99","0","2025/10/13 00:00:00","2026/08/03 08:58:00"
"11856","94,99","0","2025/10/13 00:00:00","2026/08/03 08:58:00"
"11857","11,99","0","2025/10/15 00:00:00","2026/08/03 08:58:00"
"11858","12,99","0","2025/11/26 00:00:00","2026/08/03 08:58:00"
"11859","12,99","0","2025/11/26 00:00:00","2026/08/03 08:58:00"
"11860","12,99","0","2025/11/26 00:00:00","2026/08/03 08:58:00"
"11862","12,99","0","2025/11/26 00:00:00","2026/08/03 08:58:00"
"11863","12,99","0","2025/11/26 00:00:00","2026/08/03 08:58:00"
"11864","12,99","0","2025/11/26 00:00:00","2026/08/03 08:58:00"
"11876","199,99","0","2025/11/26 00:00:00","2026/08/03 08:58:00"
"11877","119,99","0","2025/11/26 00:00:00","2026/08/03 08:58:00"
"11878","29,99","0","2025/10/07 00:00:00","2026/08/03 08:58:00"
"11879","29,99","0","2025/10/07 00:00:00","2026/08/03 08:58:00"
"11880","29,99","0","2025/10/07 00:00:00","2026/08/03 08:58:00"
"11881","29,99","0","2025/10/07 00:00:00","2026/08/03 08:58:00"
"11882","29,99","0","2025/10/07 00:00:00","2026/08/03 08:58:00"
"11884","399,99","0","2025/10/17 00:00:00","2026/08/03 08:58:00"
"11885","379,99","0","2025/10/17 00:00:00","2026/08/03 08:58:00"
"11886","23,99","0","2025/10/20 00:00:00","2026/08/03 08:58:00"
"11887","23,99","0","2025/10/20 00:00:00","2026/08/03 08:58:00"
"11888","84,99","0","2025/09/25 00:00:00","2026/08/03 08:58:00"
"11889","14,99","0","2025/10/15 00:00:00","2026/08/03 08:58:00"
"11890","14,99","0","2025/10/15 00:00:00","2026/08/03 08:58:00"
"11891","33,99","0","2026/02/18 00:00:00","2026/08/03 08:58:00"
"11892","14,99","0","2025/10/15 00:00:00","2026/08/03 08:58:00"
"11893","14,99","0","2025/10/15 00:00:00","2026/08/03 08:58:00"
"11894","9,99","0","2025/10/15 00:00:00","2026/08/03 08:58:00"
"11895","11,99","0","2025/10/15 00:00:00","2026/08/03 08:58:00"
"11896","11,99","0","2025/10/15 00:00:00","2026/08/03 08:58:00"
"11897","14,99","0","2025/10/15 00:00:00","2026/08/03 08:58:00"
"11898","14,99","0","2025/10/15 00:00:00","2026/08/03 08:58:00"
"11899","14,99","0","2025/10/15 00:00:00","2026/08/03 08:58:00"
"11900","14,99","0","2025/10/15 00:00:00","2026/08/03 08:58:00"
"11901","14,99","0","2025/10/15 00:00:00","2026/08/03 08:58:00"
"11902","14,99","0","2025/10/15 00:00:00","2026/08/03 08:58:00"
"11903","14,99","0","2025/10/15 00:00:00","2026/08/03 08:58:00"
"11904","14,99","0","2025/10/15 00:00:00","2026/08/03 08:58:00"
"11905","14,99","0","2025/10/15 00:00:00","2026/08/03 08:58:00"
"11906","14,99","0","2025/10/15 00:00:00","2026/08/03 08:58:00"
"11907","14,99","0","2025/10/15 00:00:00","2026/08/03 08:58:00"
"11908","14,99","0","2025/10/15 00:00:00","2026/08/03 08:58:00"
"11909","14,99","0","2025/10/15 00:00:00","2026/08/03 08:58:00"
"11910","14,99","0","2025/10/15 00:00:00","2026/08/03 08:58:00"
"11911","14,99","0","2025/10/15 00:00:00","2026/08/03 08:58:00"
"11912","14,99","0","2025/10/15 00:00:00","2026/08/03 08:58:00"
"11913","14,99","0","2025/10/15 00:00:00","2026/08/03 08:58:00"
"11914","14,99","0","2025/10/15 00:00:00","2026/08/03 08:58:00"
"11915","7,99","0","2025/10/15 00:00:00","2026/08/03 08:58:00"
"11916","7,99","0","2025/10/15 00:00:00","2026/08/03 08:58:00"
"11917","7,99","0","2025/10/15 00:00:00","2026/08/03 08:58:00"
"11918","7,99","0","2025/10/15 00:00:00","2026/08/03 08:58:00"
"11919","7,99","0","2025/10/15 00:00:00","2026/08/03 08:58:00"
"11920","7,99","0","2025/10/15 00:00:00","2026/08/03 08:58:00"
"11921","7,99","0","2025/10/15 00:00:00","2026/08/03 08:58:00"
"11922","7,99","0","2025/10/15 00:00:00","2026/08/03 08:58:00"
"11923","7,99","0","2025/10/15 00:00:00","2026/08/03 08:58:00"
"11940","109,99","0","2025/11/26 00:00:00","2026/08/03 08:58:00"
"11941","109,99","0","2025/11/26 00:00:00","2026/08/03 08:58:00"
"11942","45,00","0","2025/11/26 00:00:00","2026/08/03 08:58:00"
"11943","124,99","0","2025/10/13 00:00:00","2026/08/03 08:58:00"
"11944","129,99","0","2025/10/13 00:00:00","2026/08/03 08:58:00"
"11945","22,99","0","2026/02/20 00:00:00","2026/08/03 08:58:00"
"11947","249,99","0","2025/12/17 00:00:00","2026/08/03 08:58:00"
"11962","18,99","0","2025/10/20 00:00:00","2026/08/03 08:58:00"
"11965","13,99","0","2025/12/11 00:00:00","2026/08/03 08:58:00"
"11966","29,99","0","2025/10/24 00:00:00","2026/08/03 08:58:00"
"11967","29,99","0","2025/10/24 00:00:00","2026/08/03 08:58:00"
"11968","46,99","0","2025/10/07 00:00:00","2026/08/03 08:58:00"
"11969","46,99","0","2025/10/07 00:00:00","2026/08/03 08:58:00"
"11970","299,99","0","2025/08/13 00:00:00","2026/08/03 08:58:00"
"11971","34,99","0","2025/10/07 00:00:00","2026/08/03 08:58:00"
"11972","34,99","0","2025/10/07 00:00:00","2026/08/03 08:58:00"
"11973","299,99","0","2025/11/26 00:00:00","2026/08/03 08:58:00"
"11974","7,50","0","2025/10/15 00:00:00","2026/08/03 08:58:00"
"11975","7,50","0","2025/10/15 00:00:00","2026/08/03 08:58:00"
"11976","7,50","0","2025/10/15 00:00:00","2026/08/03 08:58:00"
"11977","7,50","0","2025/10/15 00:00:00","2026/08/03 08:58:00"
"11978","10,99","0","2026/02/18 00:00:00","2026/08/03 08:58:00"
"11979","169,99","0","2025/10/14 00:00:00","2026/08/03 08:58:00"
"11980","124,99","0","2025/10/14 00:00:00","2026/08/03 08:58:00"
"11981","36,99","0","2025/08/25 00:00:00","2026/08/03 08:58:00"
"11982","39,99","0","2025/08/25 00:00:00","2026/08/03 08:58:00"
"11983","42,99","0","2025/08/25 00:00:00","2026/08/03 08:58:00"
"11984","42,99","0","2025/08/25 00:00:00","2026/08/03 08:58:00"
"11985","42,99","0","2025/08/25 00:00:00","2026/08/03 08:58:00"
"11986","46,99","0","2025/08/25 00:00:00","2026/08/03 08:58:00"
"11987","42,99","0","2025/08/25 00:00:00","2026/08/03 08:58:00"
"11988","46,99","0","2025/08/25 00:00:00","2026/08/03 08:58:00"
"11989","49,99","0","2025/08/25 00:00:00","2026/08/03 08:58:00"
"11990","119,99","0","2025/08/25 00:00:00","2026/08/03 08:58:00"
"11991","99,99","0","2025/08/25 00:00:00","2026/08/03 08:58:00"
"11992","64,99","0","2025/08/25 00:00:00","2026/08/03 08:58:00"
"11993","54,99","0","2025/08/26 00:00:00","2026/08/03 08:58:00"
"11994","54,99","0","2025/08/26 00:00:00","2026/08/03 08:58:00"
"11995","22,99","0","2025/08/26 00:00:00","2026/08/03 08:58:00"
"11996","59,99","0","2025/08/26 00:00:00","2026/08/03 08:58:00"
"11997","22,99","0","2025/08/26 00:00:00","2026/08/03 08:58:00"
"11998","22,99","0","2025/08/26 00:00:00","2026/08/03 08:58:00"
"11999","14,99","0","2025/08/26 00:00:00","2026/08/03 08:58:00"
"12000","54,99","0","2025/09/02 00:00:00","2026/08/03 08:58:00"
"12001","79,99","0","2025/09/02 00:00:00","2026/08/03 08:58:00"
"12002","54,99","0","2025/09/02 00:00:00","2026/08/03 08:58:00"
"12003","59,99","0","2025/09/02 00:00:00","2026/08/03 08:58:00"
"12004","59,99","0","2025/09/02 00:00:00","2026/08/03 08:58:00"
"12005","59,99","0","2025/09/02 00:00:00","2026/08/03 08:58:00"
"12006","84,99","0","2025/09/02 00:00:00","2026/08/03 08:58:00"
"12007","79,99","0","2025/09/02 00:00:00","2026/08/03 08:58:00"
"12008","79,99","0","2025/09/02 00:00:00","2026/08/03 08:58:00"
"12009","79,99","0","2025/09/02 00:00:00","2026/08/03 08:58:00"
"1201","79,99","0","2026/02/18 00:00:00","2026/08/03 08:58:00"
"12010","79,99","0","2025/09/02 00:00:00","2026/08/03 08:58:00"
"12011","54,99","0","2025/09/02 00:00:00","2026/08/03 08:58:00"
"12012","62,99","0","2026/02/18 00:00:00","2026/08/03 08:58:00"
"12017","64,99","0","2026/02/18 00:00:00","2026/08/03 08:58:00"
"12018","52,99","0","2026/02/18 00:00:00","2026/08/03 08:58:00"
"12020","112,99","0","2026/02/18 00:00:00","2026/08/03 08:58:00"
"12021","84,99","0","2026/02/18 00:00:00","2026/08/03 08:58:00"
"12022","69,99","0","2026/02/18 00:00:00","2026/08/03 08:58:00"
"12023","69,99","0","2026/02/18 00:00:00","2026/08/03 08:58:00"
"12024","109,99","0","2026/02/18 00:00:00","2026/08/03 08:58:00"
"12025","199,99","0","2026/02/18 00:00:00","2026/08/03 08:58:00"
"12028","179,99","0","2026/02/18 00:00:00","2026/08/03 08:58:00"
"12029","112,99","0","2026/02/18 00:00:00","2026/08/03 08:58:00"
"12034","119,99","0","2026/02/18 00:00:00","2026/08/03 08:58:00"
"12045","39,99","0","2026/02/18 00:00:00","2026/08/03 08:58:00"
"12046","39,99","0","2026/02/18 00:00:00","2026/08/03 08:58:00"
"12054","69,99","0","2026/02/18 00:00:00","2026/08/03 08:58:00"
"12056","54,99","0","2026/02/18 00:00:00","2026/08/03 08:58:00"
"12058","129,99","0","2026/02/18 00:00:00","2026/08/03 08:58:00"
"12059","69,99","0","2026/02/18 00:00:00","2026/08/03 08:58:00"
"12062","39,99","0","2026/02/18 00:00:00","2026/08/03 08:58:00"
"12065","39,99","0","2026/02/18 00:00:00","2026/08/03 08:58:00"
"12068","129,99","0","2026/02/18 00:00:00","2026/08/03 08:58:00"
"12070","12,99","0","2026/02/18 00:00:00","2026/08/03 08:58:00"
"12079","12,99","0","2026/02/18 00:00:00","2026/08/03 08:58:00"
"12080","49,99","0","2026/02/18 00:00:00","2026/08/03 08:58:00"
"12081","59,99","0","2026/02/18 00:00:00","2026/08/03 08:58:00"
"12082","99,99","0","2026/02/18 00:00:00","2026/08/03 08:58:00"
"12083","14,99","0","2026/03/06 00:00:00","2026/08/03 08:58:00"
"12084","14,99","0","2026/03/06 00:00:00","2026/08/03 08:58:00"
"12085","14,99","0","2026/03/06 00:00:00","2026/08/03 08:58:00"
"12089","139,99","0","2026/02/18 00:00:00","2026/08/03 08:58:00"
"1209","94,99","0","2026/02/18 00:00:00","2026/08/03 08:58:00"
"12090","134,99","0","2026/02/18 00:00:00","2026/08/03 08:58:00"
"12093","64,99","0","2026/02/18 00:00:00","2026/08/03 08:58:00"
"12094","64,99","0","2026/02/18 00:00:00","2026/08/03 08:58:00"
"12109","14,99","0","2026/03/06 00:00:00","2026/08/03 08:58:00"
"12110","69,99","0","2026/02/18 00:00:00","2026/08/03 08:58:00"
"12111","69,99","0","2026/02/18 00:00:00","2026/08/03 08:58:00"
"12120","49,99","0","2026/02/18 00:00:00","2026/08/03 08:58:00"
"12121","49,99","0","2026/02/18 00:00:00","2026/08/03 08:58:00"
"12122","49,99","0","2026/02/18 00:00:00","2026/08/03 08:58:00"
"12123","49,99","0","2026/02/18 00:00:00","2026/08/03 08:58:00"
"12124","49,99","0","2026/02/18 00:00:00","2026/08/03 08:58:00"
"12125","49,99","0","2026/02/18 00:00:00","2026/08/03 08:58:00"
"12126","49,99","0","2026/02/18 00:00:00","2026/08/03 08:58:00"
"12127","49,99","0","2026/02/18 00:00:00","2026/08/03 08:58:00"
"12128","49,99","0","2026/02/18 00:00:00","2026/08/03 08:58:00"
"1213","69,99","0","2026/02/18 00:00:00","2026/08/03 08:58:00"
"1214","72,99","0","2026/02/18 00:00:00","2026/08/03 08:58:00"
"12140","34,99","0","2026/02/18 00:00:00","2026/08/03 08:58:00"
"1215","79,99","0","2026/02/18 00:00:00","2026/08/03 08:58:00"
"12152","36,99","0","2026/02/18 00:00:00","2026/08/03 08:58:00"
"12154","49,99","0","2026/02/18 00:00:00","2026/08/03 08:58:00"
"12165","329,99","0","2026/02/18 00:00:00","2026/08/03 08:58:00"
"12166","39,99","0","2026/02/18 00:00:00","2026/08/03 08:58:00"
"12176","164,99","0","2026/02/18 00:00:00","2026/08/03 08:58:00"
"12177","229,99","0","2026/02/18 00:00:00","2026/08/03 08:58:00"
"12178","119,99","0","2026/02/18 00:00:00","2026/08/03 08:58:00"
"12179","119,99","0","2026/02/18 00:00:00","2026/08/03 08:58:00"
"12180","179,99","0","2026/02/18 00:00:00","2026/08/03 08:58:00"
"12189","34,99","0","2026/02/18 00:00:00","2026/08/03 08:58:00"
"12190","199,99","0","2025/10/27 00:00:00","2026/08/03 08:58:00"
"12192","159,99","0","2026/02/18 00:00:00","2026/08/03 08:58:00"
"12193","149,99","0","2026/02/18 00:00:00","2026/08/03 08:58:00"
"12197","69,99","0","2026/02/18 00:00:00","2026/08/03 08:58:00"
"12201","34,99","0","2026/02/18 00:00:00","2026/08/03 08:58:00"
"12202","26,99","0","2026/02/18 00:00:00","2026/08/03 08:58:00"
"12243","74,99","0","2026/02/18 00:00:00","2026/08/03 08:58:00"
"12245","94,99","0","2026/02/18 00:00:00","2026/08/03 08:58:00"
"12246","34,99","0","2026/02/18 00:00:00","2026/08/03 08:58:00"
"12252","36,99","0","2026/02/18 00:00:00","2026/08/03 08:58:00"
"12253","45,99","0","2026/02/18 00:00:00","2026/08/03 08:58:00"
"12254","89,99","0","2026/02/18 00:00:00","2026/08/03 08:58:00"
"12257","7,99","0","2026/02/18 00:00:00","2026/08/03 08:58:00"
"12265","39,99","0","2026/02/18 00:00:00","2026/08/03 08:58:00"
"12266","28,99","0","2026/02/18 00:00:00","2026/08/03 08:58:00"
"12267","49,99","0","2026/02/18 00:00:00","2026/08/03 08:58:00"
"12268","45,99","0","2026/02/18 00:00:00","2026/08/03 08:58:00"
"12269","29,99","0","2026/02/18 00:00:00","2026/08/03 08:58:00"
"12270","13,99","0","2026/02/18 00:00:00","2026/08/03 08:58:00"
"12271","89,99","0","2026/02/18 00:00:00","2026/08/03 08:58:00"
"12273","159,99","0","2026/02/18 00:00:00","2026/08/03 08:58:00"
"12278","89,99","0","2026/02/18 00:00:00","2026/08/03 08:58:00"
"12280","36,99","0","2026/02/18 00:00:00","2026/08/03 08:58:00"
"12281","5,99","0","2026/03/09 00:00:00","2026/08/03 08:58:00"
"1229","88,99","0","2026/02/18 00:00:00","2026/08/03 08:58:00"
"12299","7,99","0","2026/02/18 00:00:00","2026/08/03 08:58:00"
"12300","102,99","0","2026/02/18 00:00:00","2026/08/03 08:58:00"
"12302","42,99","0","2026/02/18 00:00:00","2026/08/03 08:58:00"
"12303","126,99","0","2026/02/18 00:00:00","2026/08/03 08:58:00"
"12304","234,99","0","2026/02/18 00:00:00","2026/08/03 08:58:00"
"12306","49,99","0","2026/02/18 00:00:00","2026/08/03 08:58:00"
"12307","234,99","0","2026/02/18 00:00:00","2026/08/03 08:58:00"
"12308","106,99","0","2026/02/18 00:00:00","2026/08/03 08:58:00"
"12311","234,99","0","2026/02/18 00:00:00","2026/08/03 08:58:00"
"12313","59,99","0","2026/02/18 00:00:00","2026/08/03 08:58:00"
"12314","59,99","0","2026/02/18 00:00:00","2026/08/03 08:58:00"
"12315","59,99","0","2026/02/18 00:00:00","2026/08/03 08:58:00"
"12319","289,99","0","2026/02/18 00:00:00","2026/08/03 08:58:00"
"12320","29,99","0","2026/02/18 00:00:00","2026/08/03 08:58:00"
"12327","29,99","0","2026/02/18 00:00:00","2026/08/03 08:58:00"
"12328","29,99","0","2026/02/18 00:00:00","2026/08/03 08:58:00"
"12329","29,99","0","2026/02/18 00:00:00","2026/08/03 08:58:00"
"12330","29,99","0","2026/02/18 00:00:00","2026/08/03 08:58:00"
"12331","19,99","0","2026/02/18 00:00:00","2026/08/03 08:58:00"
"12332","19,99","0","2026/02/18 00:00:00","2026/08/03 08:58:00"
"12333","24,99","0","2026/02/18 00:00:00","2026/08/03 08:58:00"
"12334","349,99","0","2026/02/18 00:00:00","2026/08/03 08:58:00"
"12354","104,99","0","2026/02/18 00:00:00","2026/08/03 08:58:00"
"12421","14,99","0","2026/02/18 00:00:00","2026/08/03 08:58:00"
"12422","9,99","0","2026/02/18 00:00:00","2026/08/03 08:58:00"
"12425","9,99","0","2026/02/18 00:00:00","2026/08/03 08:58:00"
"12426","15,99","0","2026/02/18 00:00:00","2026/08/03 08:58:00"
"12435","29,99","0","2026/02/18 00:00:00","2026/08/03 08:58:00"
"12457","229,99","0","2026/02/18 00:00:00","2026/08/03 08:58:00"
"12466","39,99","0","2026/02/18 00:00:00","2026/08/03 08:58:00"
"12467","72,99","0","2026/02/18 00:00:00","2026/08/03 08:58:00"
"12468","119,99","0","2026/02/18 00:00:00","2026/08/03 08:58:00"
"12470","184,99","0","2026/02/18 00:00:00","2026/08/03 08:58:00"
"12481","64,99","0","2026/02/18 00:00:00","2026/08/03 08:58:00"
"12482","39,99","0","2026/02/18 00:00:00","2026/08/03 08:58:00"
"12483","39,99","0","2026/02/18 00:00:00","2026/08/03 08:58:00"
"12484","28,99","0","2026/02/18 00:00:00","2026/08/03 08:58:00"
"12485","28,99","0","2026/02/18 00:00:00","2026/08/03 08:58:00"
"12486","19,99","0","2026/02/18 00:00:00","2026/08/03 08:58:00"
"12487","28,99","0","2026/02/18 00:00:00","2026/08/03 08:58:00"
"12488","29,99","0","2026/02/18 00:00:00","2026/08/03 08:58:00"
"12491","29,99","0","2026/02/18 00:00:00","2026/08/03 08:58:00"
"12505","94,99","0","2026/02/18 00:00:00","2026/08/03 08:58:00"
"12506","94,99","0","2026/02/18 00:00:00","2026/08/03 08:58:00"
"12507","99,99","0","2026/02/18 00:00:00","2026/08/03 08:58:00"
"12508","134,99","0","2026/02/18 00:00:00","2026/08/03 08:58:00"
"12509","39,99","0","2026/02/18 00:00:00","2026/08/03 08:58:00"
"12510","69,99","0","2026/02/18 00:00:00","2026/08/03 08:58:00"
"12511","39,99","0","2026/02/18 00:00:00","2026/08/03 08:58:00"
"12512","69,99","0","2026/02/18 00:00:00","2026/08/03 08:58:00"
"12513","19,99","0","2026/02/18 00:00:00","2026/08/03 08:58:00"
"12514","19,99","0","2026/02/18 00:00:00","2026/08/03 08:58:00"
"12540","59,99","0","2026/02/18 00:00:00","2026/08/03 08:58:00"
"12550","72,99","0","2026/02/18 00:00:00","2026/08/03 08:58:00"
"1257","88,99","0","2026/02/18 00:00:00","2026/08/03 08:58:00"
"12570","28,99","0","2026/02/18 00:00:00","2026/08/03 08:58:00"
"1258","92,00","0","2026/01/26 00:00:00","2026/08/03 08:58:00"
"12583","49,99","0","2026/02/18 00:00:00","2026/08/03 08:58:00"
"12585","39,99","0","2026/02/18 00:00:00","2026/08/03 08:58:00"
"12591","29,99","0","2026/02/18 00:00:00","2026/08/03 08:58:00"
"12602","29,99","0","2026/02/18 00:00:00","2026/08/03 08:58:00"
"1261","114,99","0","2026/02/18 00:00:00","2026/08/03 08:58:00"
"12611","29,99","0","2026/02/18 00:00:00","2026/08/03 08:58:00"
"1262","79,99","0","2026/02/18 00:00:00","2026/08/03 08:58:00"
"12621","49,99","0","2026/02/18 00:00:00","2026/08/03 08:58:00"
"12640","139,99","0","2026/02/18 00:00:00","2026/08/03 08:58:00"
"12660","159,99","0","2026/02/18 00:00:00","2026/08/03 08:58:00"
"12670","49,99","0","2026/02/18 00:00:00","2026/08/03 08:58:00"
"12680","54,99","0","2026/02/18 00:00:00","2026/08/03 08:58:00"
"12690","99,99","0","2026/04/17 00:00:00","2026/08/03 08:58:00"
"12691","99,99","0","2026/04/17 00:00:00","2026/08/03 08:58:00"
"12692","99,99","0","2026/04/17 00:00:00","2026/08/03 08:58:00"
"12693","99,99","0","2026/04/17 00:00:00","2026/08/03 08:58:00"
"12694","99,99","0","2026/04/17 00:00:00","2026/08/03 08:58:00"
"12695","99,99","0","2026/04/17 00:00:00","2026/08/03 08:58:00"
"12800","109,99","0","2026/02/18 00:00:00","2026/08/03 08:58:00"
"12801","109,99","0","2026/02/18 00:00:00","2026/08/03 08:58:00"
"12802","109,99","0","2026/02/18 00:00:00","2026/08/03 08:58:00"
"12803","109,99","0","2026/02/18 00:00:00","2026/08/03 08:58:00"
"13","119,99","0","2026/02/18 00:00:00","2026/08/03 08:58:00"
"1301","80,99","0","2026/02/18 00:00:00","2026/08/03 08:58:00"
"1306","63,99","0","2026/02/18 00:00:00","2026/08/03 08:58:00"
"1307","74,99","0","2026/02/18 00:00:00","2026/08/03 08:58:00"
"1309","63,99","0","2026/02/18 00:00:00","2026/08/03 08:58:00"
"1313","88,99","0","2026/02/18 00:00:00","2026/08/03 08:58:00"
"1320","97,99","0","2026/02/18 00:00:00","2026/08/03 08:58:00"
"1321","97,99","0","2026/02/18 00:00:00","2026/08/03 08:58:00"
"1322","87,99","0","2026/02/18 00:00:00","2026/08/03 08:58:00"
"1330","74,98","0","2026/01/26 00:00:00","2026/08/03 08:58:00"
"1332","89,99","0","2026/02/18 00:00:00","2026/08/03 08:58:00"
"1337","139,99","0","2026/02/18 00:00:00","2026/08/03 08:58:00"
"1349","79,99","0","2026/02/18 00:00:00","2026/08/03 08:58:00"
"14","305,00","0","2025/10/21 00:00:00","2026/08/03 08:58:00"
"14008","69,99","0","2026/02/18 00:00:00","2026/08/03 08:58:00"
"15","7920,00","0","2025/09/30 00:00:00","2026/08/03 08:58:00"
"1501","88,99","0","2026/02/18 00:00:00","2026/08/03 08:58:00"
"15424","13,99","0","2026/02/18 00:00:00","2026/08/03 08:58:00"
"15425","15,99","0","2026/02/18 00:00:00","2026/08/03 08:58:00"
"15431","13,99","0","2026/02/18 00:00:00","2026/08/03 08:58:00"
"15433","19,99","0","2026/02/18 00:00:00","2026/08/03 08:58:00"
"15496","21,99","0","2026/04/17 00:00:00","2026/08/03 08:58:00"
"15591","64,99","0","2026/02/18 00:00:00","2026/08/03 08:58:00"
"16","4012201,00","0","2025/09/22 00:00:00","2026/08/03 08:58:00"
"1648","126,99","0","2026/02/18 00:00:00","2026/08/03 08:58:00"
"1673","120,99","0","2026/02/18 00:00:00","2026/08/03 08:58:00"
"1674","124,20","0","2026/01/26 00:00:00","2026/08/03 08:58:00"
"17","4012201,00","0","2025/09/22 00:00:00","2026/08/03 08:58:00"
"17000","89,99","0","2025/12/03 00:00:00","2026/08/03 08:58:00"
"17001","15,99","0","2025/09/18 00:00:00","2026/08/03 08:58:00"
"17002","49,99","0","2025/09/18 00:00:00","2026/08/03 08:58:00"
"17003","49,99","0","2025/09/18 00:00:00","2026/08/03 08:58:00"
"17004","49,99","0","2025/09/18 00:00:00","2026/08/03 08:58:00"
"17005","24,99","0","2025/09/18 00:00:00","2026/08/03 08:58:00"
"17006","59,99","0","2025/09/18 00:00:00","2026/08/03 08:58:00"
"17007","54,99","0","2025/09/18 00:00:00","2026/08/03 08:58:00"
"17008","49,99","0","2025/09/18 00:00:00","2026/08/03 08:58:00"
"17009","119,99","0","2025/09/18 00:00:00","2026/08/03 08:58:00"
"17010","49,99","0","2025/09/18 00:00:00","2026/08/03 08:58:00"
"17011","59,99","0","2025/09/18 00:00:00","2026/08/03 08:58:00"
"17012","49,99","0","2025/09/18 00:00:00","2026/08/03 08:58:00"
"17013","49,99","0","2025/09/18 00:00:00","2026/08/03 08:58:00"
"17014","59,99","0","2025/09/18 00:00:00","2026/08/03 08:58:00"
"17015","59,99","0","2025/09/18 00:00:00","2026/08/03 08:58:00"
"17016","49,99","0","2025/09/18 00:00:00","2026/08/03 08:58:00"
"17017","99,99","0","2026/02/18 00:00:00","2026/08/03 08:58:00"
"17018","499,99","0","2025/10/17 00:00:00","2026/08/03 08:58:00"
"17019","499,99","0","2025/10/17 00:00:00","2026/08/03 08:58:00"
"1702","59,99","0","2026/02/18 00:00:00","2026/08/03 08:58:00"
"17020","29,99","0","2025/09/18 00:00:00","2026/08/03 08:58:00"
"17021","119,99","0","2025/10/06 00:00:00","2026/08/03 08:58:00"
"17022","104,99","0","2025/10/10 00:00:00","2026/08/03 08:58:00"
"17023","49,99","0","2025/10/10 00:00:00","2026/08/03 08:58:00"
"17024","24,99","0","2025/10/17 00:00:00","2026/08/03 08:58:00"
"17025","11,99","0","2025/10/15 00:00:00","2026/08/03 08:58:00"
"17026","4,99","0","2025/10/15 00:00:00","2026/08/03 08:58:00"
"17027","14,99","0","2025/10/15 00:00:00","2026/08/03 08:58:00"
"17028","42,99","0","2025/10/20 00:00:00","2026/08/03 08:58:00"
"17029","42,99","0","2025/10/20 00:00:00","2026/08/03 08:58:00"
"17030","42,99","0","2025/10/20 00:00:00","2026/08/03 08:58:00"
"17031","42,99","0","2025/10/20 00:00:00","2026/08/03 08:58:00"
"17032","42,99","0","2025/10/20 00:00:00","2026/08/03 08:58:00"
"17033","64,99","0","2025/10/20 00:00:00","2026/08/03 08:58:00"
"17034","59,99","0","2025/10/20 00:00:00","2026/08/03 08:58:00"
"17035","24,99","0","2025/10/20 00:00:00","2026/08/03 08:58:00"
"17036","24,99","0","2025/10/20 00:00:00","2026/08/03 08:58:00"
"17037","24,99","0","2025/10/20 00:00:00","2026/08/03 08:58:00"
"17038","26,99","0","2025/10/20 00:00:00","2026/08/03 08:58:00"
"17039","26,99","0","2025/10/20 00:00:00","2026/08/03 08:58:00"
"1704","33,99","0","2026/02/18 00:00:00","2026/08/03 08:58:00"
"17040","8,99","0","2025/11/06 00:00:00","2026/08/03 08:58:00"
"17041","8,99","0","2025/11/06 00:00:00","2026/08/03 08:58:00"
"17042","8,99","0","2025/11/06 00:00:00","2026/08/03 08:58:00"
"17043","8,99","0","2025/11/06 00:00:00","2026/08/03 08:58:00"
"17044","8,99","0","2025/11/06 00:00:00","2026/08/03 08:58:00"
"17045","12,99","0","2025/11/06 00:00:00","2026/08/03 08:58:00"
"17046","14,99","0","2025/11/06 00:00:00","2026/08/03 08:58:00"
"17047","14,99","0","2025/11/06 00:00:00","2026/08/03 08:58:00"
"17048","29,99","0","2025/11/06 00:00:00","2026/08/03 08:58:00"
"17049","10,99","0","2025/11/06 00:00:00","2026/08/03 08:58:00"
"1705","59,99","0","2026/02/18 00:00:00","2026/08/03 08:58:00"
"17050","10,99","0","2025/11/06 00:00:00","2026/08/03 08:58:00"
"17051","10,99","0","2025/11/06 00:00:00","2026/08/03 08:58:00"
"17052","10,99","0","2025/11/06 00:00:00","2026/08/03 08:58:00"
"17053","19,99","0","2025/11/06 00:00:00","2026/08/03 08:58:00"
"17054","19,99","0","2025/11/06 00:00:00","2026/08/03 08:58:00"
"17055","19,99","0","2025/11/06 00:00:00","2026/08/03 08:58:00"
"17056","19,99","0","2025/11/06 00:00:00","2026/08/03 08:58:00"
"17057","13,99","0","2025/11/06 00:00:00","2026/08/03 08:58:00"
"17058","13,99","0","2025/11/06 00:00:00","2026/08/03 08:58:00"
"17059","13,99","0","2025/11/06 00:00:00","2026/08/03 08:58:00"
"1706","22,99","0","2026/02/18 00:00:00","2026/08/03 08:58:00"
"17060","13,99","0","2025/11/06 00:00:00","2026/08/03 08:58:00"
"17062","14,99","0","2025/11/06 00:00:00","2026/08/03 08:58:00"
"17063","44,99","0","2025/11/18 00:00:00","2026/08/03 08:58:00"
"17064","12,99","0","2025/11/26 00:00:00","2026/08/03 08:58:00"
"17065","12,99","0","2025/11/26 00:00:00","2026/08/03 08:58:00"
"17066","24,99","0","2025/11/19 00:00:00","2026/08/03 08:58:00"
"17067","49,99","0","2025/11/19 00:00:00","2026/08/03 08:58:00"
"17068","129,99","0","2025/11/19 00:00:00","2026/08/03 08:58:00"
"17069","299,99","0","2025/11/19 00:00:00","2026/08/03 08:58:00"
"17070","149,99","0","2025/11/19 00:00:00","2026/08/03 08:58:00"
"17071","99,99","0","2025/11/19 00:00:00","2026/08/03 08:58:00"
"17072","199,99","0","2025/11/19 00:00:00","2026/08/03 08:58:00"
"17073","139,99","0","2025/11/19 00:00:00","2026/08/03 08:58:00"
"17074","399,99","0","2025/11/19 00:00:00","2026/08/03 08:58:00"
"17075","12,99","0","2025/11/26 00:00:00","2026/08/03 08:58:00"
"17076","12,99","0","2025/11/26 00:00:00","2026/08/03 08:58:00"
"17077","12,99","0","2025/11/26 00:00:00","2026/08/03 08:58:00"
"17078","12,99","0","2025/11/26 00:00:00","2026/08/03 08:58:00"
"17079","12,99","0","2025/11/26 00:00:00","2026/08/03 08:58:00"
"17080","12,99","0","2025/11/26 00:00:00","2026/08/03 08:58:00"
"17081","12,99","0","2025/11/26 00:00:00","2026/08/03 08:58:00"
"17082","12,99","0","2025/11/26 00:00:00","2026/08/03 08:58:00"
"17083","12,99","0","2025/11/26 00:00:00","2026/08/03 08:58:00"
"17084","12,99","0","2025/11/26 00:00:00","2026/08/03 08:58:00"
"17085","12,99","0","2025/11/26 00:00:00","2026/08/03 08:58:00"
"17086","12,99","0","2025/11/26 00:00:00","2026/08/03 08:58:00"
"17087","12,99","0","2025/11/26 00:00:00","2026/08/03 08:58:00"
"17088","12,99","0","2025/11/26 00:00:00","2026/08/03 08:58:00"
"17089","12,99","0","2025/11/26 00:00:00","2026/08/03 08:58:00"
"17090","16,99","0","2025/12/03 00:00:00","2026/08/03 08:58:00"
"17091","99,99","0","2025/12/12 00:00:00","2026/08/03 08:58:00"
"17092","19,99","0","2025/12/12 00:00:00","2026/08/03 08:58:00"
"17093","19,99","0","2025/12/12 00:00:00","2026/08/03 08:58:00"
"17094","19,99","0","2025/12/12 00:00:00","2026/08/03 08:58:00"
"17095","19,99","0","2025/12/12 00:00:00","2026/08/03 08:58:00"
"17096","99,99","0","2026/02/18 00:00:00","2026/08/03 08:58:00"
"17097","99,99","0","2026/02/18 00:00:00","2026/08/03 08:58:00"
"17098","99,99","0","2026/02/18 00:00:00","2026/08/03 08:58:00"
"17099","99,99","0","2026/02/18 00:00:00","2026/08/03 08:58:00"
"1710","27,99","0","2026/02/18 00:00:00","2026/08/03 08:58:00"
"17100","169,99","0","2025/12/12 00:00:00","2026/08/03 08:58:00"
"17101","29,99","0","2025/12/23 00:00:00","2026/08/03 08:58:00"
"17102","29,99","0","2025/12/23 00:00:00","2026/08/03 08:58:00"
"17103","29,99","0","2025/12/23 00:00:00","2026/08/03 08:58:00"
"17104","29,99","0","2025/12/23 00:00:00","2026/08/03 08:58:00"
"17105","99,99","0","2025/12/23 00:00:00","2026/08/03 08:58:00"
"17106","42,99","0","2025/12/30 00:00:00","2026/08/03 08:58:00"
"17107","99,99","0","2026/02/18 00:00:00","2026/08/03 08:58:00"
"17108","99,99","0","2026/04/17 00:00:00","2026/08/03 08:58:00"
"17109","99,99","0","2026/04/17 00:00:00","2026/08/03 08:58:00"
"17110","10,99","0","2026/01/26 00:00:00","2026/08/03 08:58:00"
"17111","10,99","0","2026/01/26 00:00:00","2026/08/03 08:58:00"
"17112","19,99","0","2026/01/26 00:00:00","2026/08/03 08:58:00"
"17113","19,99","0","2026/01/26 00:00:00","2026/08/03 08:58:00"
"17114","49,99","0","2026/02/11 00:00:00","2026/08/03 08:58:00"
"17115","89,99","0","2026/02/23 00:00:00","2026/08/03 08:58:00"
"17116","22,99","0","2026/02/23 00:00:00","2026/08/03 08:58:00"
"17117","11,99","0","2026/02/23 00:00:00","2026/08/03 08:58:00"
"17118","11,99","0","2026/02/23 00:00:00","2026/08/03 08:58:00"
"17119","11,99","0","2026/02/23 00:00:00","2026/08/03 08:58:00"
"17120","79,99","0","2026/02/23 00:00:00","2026/08/03 08:58:00"
"17121","104,99","0","2026/02/23 00:00:00","2026/08/03 08:58:00"
"17122","129,99","0","2026/02/23 00:00:00","2026/08/03 08:58:00"
"17123","179,99","0","2026/02/23 00:00:00","2026/08/03 08:58:00"
"17124","104,99","0","2026/02/23 00:00:00","2026/08/03 08:58:00"
"17125","124,99","0","2026/02/23 00:00:00","2026/08/03 08:58:00"
"17126","114,99","0","2026/02/23 00:00:00","2026/08/03 08:58:00"
"17127","159,99","0","2026/02/23 00:00:00","2026/08/03 08:58:00"
"17128","119,99","0","2026/02/23 00:00:00","2026/08/03 08:58:00"
"17129","12,99","0","2026/03/11 00:00:00","2026/08/03 08:58:00"
"17130","27,99","0","2026/03/11 00:00:00","2026/08/03 08:58:00"
"17131","18,99","0","2026/03/16 00:00:00","2026/08/03 08:58:00"
"17132","10,99","0","2026/04/16 00:00:00","2026/08/03 08:58:00"
"17133","10,99","0","2026/04/16 00:00:00","2026/08/03 08:58:00"
"17134","10,99","0","2026/04/16 00:00:00","2026/08/03 08:58:00"
"17135","10,99","0","2026/04/16 00:00:00","2026/08/03 08:58:00"
"17136","10,99","0","2026/04/16 00:00:00","2026/08/03 08:58:00"
"17137","10,99","0","2026/04/16 00:00:00","2026/08/03 08:58:00"
"17138","10,99","0","2026/04/16 00:00:00","2026/08/03 08:58:00"
"17139","10,99","0","2026/04/16 00:00:00","2026/08/03 08:58:00"
"17140","10,99","0","2026/04/16 00:00:00","2026/08/03 08:58:00"
"17141","10,99","0","2026/04/16 00:00:00","2026/08/03 08:58:00"
"17142","10,99","0","2026/04/16 00:00:00","2026/08/03 08:58:00"
"17143","10,99","0","2026/04/16 00:00:00","2026/08/03 08:58:00"
"17144","10,99","0","2026/04/16 00:00:00","2026/08/03 08:58:00"
"1740","51,99","0","2026/02/18 00:00:00","2026/08/03 08:58:00"
"18","119,99","0","2026/02/18 00:00:00","2026/08/03 08:58:00"
"1800","108,10","0","2026/01/26 00:00:00","2026/08/03 08:58:00"
"1801","108,10","0","2026/01/26 00:00:00","2026/08/03 08:58:00"
"1805","124,20","0","2026/01/26 00:00:00","2026/08/03 08:58:00"
"1812","44,99","0","2026/02/18 00:00:00","2026/08/03 08:58:00"
"1827","144,99","0","2026/02/18 00:00:00","2026/08/03 08:58:00"
"1829","125,35","0","2026/01/26 00:00:00","2026/08/03 08:58:00"
"1831","73,99","0","2026/02/18 00:00:00","2026/08/03 08:58:00"
"1845","138,00","0","2026/01/26 00:00:00","2026/08/03 08:58:00"
"1850","137,99","0","2026/02/18 00:00:00","2026/08/03 08:58:00"
"19","4012201,00","0","2025/09/22 00:00:00","2026/08/03 08:58:00"
"1904","39,99","0","2026/02/18 00:00:00","2026/08/03 08:58:00"
"1905","34,99","0","2026/02/18 00:00:00","2026/08/03 08:58:00"
"1906","97,99","0","2026/02/18 00:00:00","2026/08/03 08:58:00"
"1911","28,99","0","2026/02/18 00:00:00","2026/08/03 08:58:00"
"2000879000008","399,99","0","2025/10/17 00:00:00","2026/08/03 08:58:00"
"2000880000008","399,99","0","2025/10/17 00:00:00","2026/08/03 08:58:00"
"2001649","69,99","0","2025/10/07 00:00:00","2026/08/03 08:58:00"
"2001651","69,99","0","2025/10/07 00:00:00","2026/08/03 08:58:00"
"2007137","169,99","0","2025/11/26 00:00:00","2026/08/03 08:58:00"
"2007138","19,99","0","2025/11/26 00:00:00","2026/08/03 08:58:00"
"2007159000008","49,99","0","2025/11/26 00:00:00","2026/08/03 08:58:00"
"2027","119,99","0","2026/02/18 00:00:00","2026/08/03 08:58:00"
"204","64,99","0","2026/02/18 00:00:00","2026/08/03 08:58:00"
"2042","59,99","0","2026/02/18 00:00:00","2026/08/03 08:58:00"
"2043","59,99","0","2026/02/18 00:00:00","2026/08/03 08:58:00"
"2044","104,99","0","2026/02/18 00:00:00","2026/08/03 08:58:00"
"2055","124,99","0","2026/04/07 00:00:00","2026/08/03 08:58:00"
"2061","12,99","0","2026/02/18 00:00:00","2026/08/03 08:58:00"
"2074","59,99","0","2026/02/18 00:00:00","2026/08/03 08:58:00"
"2075","59,99","0","2026/02/18 00:00:00","2026/08/03 08:58:00"
"2076","59,99","0","2026/02/18 00:00:00","2026/08/03 08:58:00"
"2148","64,99","0","2026/02/18 00:00:00","2026/08/03 08:58:00"
"22481","64,99","0","2026/02/18 00:00:00","2026/08/03 08:58:00"
"227","46,99","0","2025/11/06 00:00:00","2026/08/03 08:58:00"
"228","399,99","0","2025/10/17 00:00:00","2026/08/03 08:58:00"
"2457","169,99","0","2026/02/18 00:00:00","2026/08/03 08:58:00"
"246","379,99","0","2025/10/17 00:00:00","2026/08/03 08:58:00"
"250","129,99","0","2026/02/18 00:00:00","2026/08/03 08:58:00"
"2508","129,99","0","2026/02/18 00:00:00","2026/08/03 08:58:00"
"252","149,99","0","2026/02/18 00:00:00","2026/08/03 08:58:00"
"2528","149,99","0","2026/02/18 00:00:00","2026/08/03 08:58:00"
"256","39,99","0","2026/02/18 00:00:00","2026/08/03 08:58:00"
"2568","39,99","0","2026/02/18 00:00:00","2026/08/03 08:58:00"
"270","319,99","0","2025/10/17 00:00:00","2026/08/03 08:58:00"
"272","72,99","0","2026/02/18 00:00:00","2026/08/03 08:58:00"
"277","149,99","0","2026/02/18 00:00:00","2026/08/03 08:58:00"
"2778","149,99","0","2026/02/18 00:00:00","2026/08/03 08:58:00"
"279","46,99","0","2026/02/18 00:00:00","2026/08/03 08:58:00"
"2799","46,99","0","2026/02/18 00:00:00","2026/08/03 08:58:00"
"290","199,99","0","2025/10/07 00:00:00","2026/08/03 08:58:00"
"2991","199,99","0","2026/02/18 00:00:00","2026/08/03 08:58:00"
"2992","199,99","0","2026/02/18 00:00:00","2026/08/03 08:58:00"
"30000","19,99","0","2025/10/09 00:00:00","2026/08/03 08:58:00"
"3010","84,99","0","2026/02/18 00:00:00","2026/08/03 08:58:00"
"3011","72,99","0","2026/02/18 00:00:00","2026/08/03 08:58:00"
"3012","139,99","0","2026/02/18 00:00:00","2026/08/03 08:58:00"
"3018","72,99","0","2026/02/18 00:00:00","2026/08/03 08:58:00"
"3035","119,99","0","2026/02/18 00:00:00","2026/08/03 08:58:00"
"304","33,99","0","2025/10/21 00:00:00","2026/08/03 08:58:00"
"305","35,99","0","2026/03/27 00:00:00","2026/08/03 08:58:00"
"306","59,99","0","2026/02/11 00:00:00","2026/08/03 08:58:00"
"308","349,99","0","2026/02/18 00:00:00","2026/08/03 08:58:00"
"3110","69,99","0","2026/02/18 00:00:00","2026/08/03 08:58:00"
"3111","74,99","0","2026/02/18 00:00:00","2026/08/03 08:58:00"
"3112","149,99","0","2026/02/18 00:00:00","2026/08/03 08:58:00"
"3118","69,99","0","2026/02/18 00:00:00","2026/08/03 08:58:00"
"3128","74,99","0","2026/02/18 00:00:00","2026/08/03 08:58:00"
"3131","139,99","0","2026/02/18 00:00:00","2026/08/03 08:58:00"
"3138","139,99","0","2026/02/18 00:00:00","2026/08/03 08:58:00"
"3148","149,99","0","2026/02/18 00:00:00","2026/08/03 08:58:00"
"3258","74,99","0","2026/02/18 00:00:00","2026/08/03 08:58:00"
"3314","64,99","0","2026/02/18 00:00:00","2026/08/03 08:58:00"
"342","54,99","0","2025/10/07 00:00:00","2026/08/03 08:58:00"
"3468","114,99","0","2026/02/18 00:00:00","2026/08/03 08:58:00"
"3477","169,99","0","2026/02/18 00:00:00","2026/08/03 08:58:00"
"3478","169,99","0","2026/02/18 00:00:00","2026/08/03 08:58:00"
"3498","114,99","0","2026/02/18 00:00:00","2026/08/03 08:58:00"
"350","22,99","0","2025/10/07 00:00:00","2026/08/03 08:58:00"
"353","29,99","0","2025/10/07 00:00:00","2026/08/03 08:58:00"
"3530","89,99","0","2026/02/18 00:00:00","2026/08/03 08:58:00"
"3533","149,99","0","2026/02/18 00:00:00","2026/08/03 08:58:00"
"3722","119,99","0","2026/02/18 00:00:00","2026/08/03 08:58:00"
"3742","30,00","0","2025/11/26 00:00:00","2026/08/03 08:58:00"
"3745","39,99","0","2025/11/26 00:00:00","2026/08/03 08:58:00"
"3746","9,99","0","2025/11/26 00:00:00","2026/08/03 08:58:00"
"3749","40,00","0","2025/11/26 00:00:00","2026/08/03 08:58:00"
"3754","64,99","0","2026/02/18 00:00:00","2026/08/03 08:58:00"
"3766","49,99","0","2026/02/18 00:00:00","2026/08/03 08:58:00"
"3767","84,99","0","2026/02/18 00:00:00","2026/08/03 08:58:00"
"3768","36,99","0","2026/02/18 00:00:00","2026/08/03 08:58:00"
"3998","64,99","0","2025/11/26 00:00:00","2026/08/03 08:58:00"
"4000516","3499,90","0","2026/02/18 00:00:00","2026/08/03 08:58:00"
"4000952","539,88","0","2026/02/18 00:00:00","2026/08/03 08:58:00"
"4000953","539,88","0","2026/02/18 00:00:00","2026/08/03 08:58:00"
"4000954","539,88","0","2026/02/18 00:00:00","2026/08/03 08:58:00"
"4000955","539,88","0","2026/02/18 00:00:00","2026/08/03 08:58:00"
"4000956","539,88","0","2026/02/18 00:00:00","2026/08/03 08:58:00"
"4000957","539,88","0","2026/02/18 00:00:00","2026/08/03 08:58:00"
"4000958","539,88","0","2026/02/18 00:00:00","2026/08/03 08:58:00"
"4000959","539,88","0","2026/02/18 00:00:00","2026/08/03 08:58:00"
"4000960","539,88","0","2026/02/18 00:00:00","2026/08/03 08:58:00"
"4000997","539,88","0","2026/02/18 00:00:00","2026/08/03 08:58:00"
"4002027","719,94","0","2026/02/18 00:00:00","2026/08/03 08:58:00"
"4002042","719,88","0","2026/02/18 00:00:00","2026/08/03 08:58:00"
"4002043","719,88","0","2026/02/18 00:00:00","2026/08/03 08:58:00"
"4002044","629,94","0","2026/02/18 00:00:00","2026/08/03 08:58:00"
"4002055","749,94","0","2026/04/07 00:00:00","2026/08/03 08:58:00"
"4002061","129,90","0","2026/02/18 00:00:00","2026/08/03 08:58:00"
"4002074","719,88","0","2026/02/18 00:00:00","2026/08/03 08:58:00"
"4002075","719,88","0","2026/02/18 00:00:00","2026/08/03 08:58:00"
"4002076","719,88","0","2026/02/18 00:00:00","2026/08/03 08:58:00"
"4002457","1699,90","0","2026/02/18 00:00:00","2026/08/03 08:58:00"
"4002991","799,96","0","2026/02/18 00:00:00","2026/08/03 08:58:00"
"4002992","799,96","0","2026/02/18 00:00:00","2026/08/03 08:58:00"
"4003314","779,88","0","2026/02/18 00:00:00","2026/08/03 08:58:00"
"4003477","1019,94","0","2026/02/18 00:00:00","2026/08/03 08:58:00"
"4003478","1019,94","0","2026/02/18 00:00:00","2026/08/03 08:58:00"
"4003530","809,91","0","2026/02/18 00:00:00","2026/08/03 08:58:00"
"4003533","899,94","0","2026/02/18 00:00:00","2026/08/03 08:58:00"
"4003766","599,88","0","2026/02/18 00:00:00","2026/08/03 08:58:00"
"4003767","509,94","0","2026/02/18 00:00:00","2026/08/03 08:58:00"
"4003768","924,75","0","2026/02/18 00:00:00","2026/08/03 08:58:00"
"4004968","849,90","0","2026/02/18 00:00:00","2026/08/03 08:58:00"
"4005496","439,79","0","2026/04/17 00:00:00","2026/08/03 08:58:00"
"4005945","599,80","0","2026/02/18 00:00:00","2026/08/03 08:58:00"
"4006980","1439,76","0","2026/04/17 00:00:00","2026/08/03 08:58:00"
"4007025","2999,90","0","2026/02/18 00:00:00","2026/08/03 08:58:00"
"4007028","699,90","0","2026/02/18 00:00:00","2026/08/03 08:58:00"
"4007029","649,90","0","2026/02/18 00:00:00","2026/08/03 08:58:00"
"4007038","499,98","0","2026/02/18 00:00:00","2026/08/03 08:58:00"
"4007039","579,98","0","2026/02/18 00:00:00","2026/08/03 08:58:00"
"4007041","399,98","0","2026/02/18 00:00:00","2026/08/03 08:58:00"
"4007059","599,96","0","2026/02/18 00:00:00","2026/08/03 08:58:00"
"4007100","699,98","0","2026/02/18 00:00:00","2026/08/03 08:58:00"
"4007218","519,98","0","2026/02/18 00:00:00","2026/08/03 08:58:00"
"4007275","799,90","0","2026/02/18 00:00:00","2026/08/03 08:58:00"
"4007290","799,90","0","2026/03/27 00:00:00","2026/08/03 08:58:00"
"4007295","299,90","0","2026/02/18 00:00:00","2026/08/03 08:58:00"
"4007296","299,90","0","2026/02/18 00:00:00","2026/08/03 08:58:00"
"4007297","299,90","0","2026/02/18 00:00:00","2026/08/03 08:58:00"
"4007606","459,98","0","2026/02/18 00:00:00","2026/08/03 08:58:00"
"4007645","299,94","0","2026/02/18 00:00:00","2026/08/03 08:58:00"
"4007646","269,94","0","2026/02/18 00:00:00","2026/08/03 08:58:00"
"4007647","269,94","0","2026/02/18 00:00:00","2026/08/03 08:58:00"
"4007649","719,98","0","2026/03/27 00:00:00","2026/08/03 08:58:00"
"4007652","699,98","0","2026/02/18 00:00:00","2026/08/03 08:58:00"
"4007980","2783,68","0","2026/02/18 00:00:00","2026/08/03 08:58:00"
"4007990","2639,84","0","2026/02/18 00:00:00","2026/08/03 08:58:00"
"4008330","1399,90","0","2026/02/18 00:00:00","2026/08/03 08:58:00"
"4008333","1399,90","0","2026/02/18 00:00:00","2026/08/03 08:58:00"
"4008338","2799,80","0","2026/02/18 00:00:00","2026/08/03 08:58:00"
"4008370","809,94","0","2026/02/18 00:00:00","2026/08/03 08:58:00"
"4008379","719,88","0","2026/02/18 00:00:00","2026/08/03 08:58:00"
"4008415","959,88","0","2026/02/18 00:00:00","2026/08/03 08:58:00"
"4008426","549,90","0","2026/02/18 00:00:00","2026/08/03 08:58:00"
"4008470","599,94","0","2026/02/18 00:00:00","2026/08/03 08:58:00"
"4008480","879,84","0","2026/02/18 00:00:00","2026/08/03 08:58:00"
"4008481","1599,84","0","2026/02/18 00:00:00","2026/08/03 08:58:00"
"4008530","719,88","0","2026/02/18 00:00:00","2026/08/03 08:58:00"
"4008750","1519,84","0","2026/02/18 00:00:00","2026/08/03 08:58:00"
"4008756","1599,92","0","2026/02/18 00:00:00","2026/08/03 08:58:00"
"4008758","1599,92","0","2026/02/18 00:00:00","2026/08/03 08:58:00"
"4008759","1399,90","0","2026/02/18 00:00:00","2026/08/03 08:58:00"
"4008816","959,88","0","2026/02/18 00:00:00","2026/08/03 08:58:00"
"4008930","875,88","0","2026/02/18 00:00:00","2026/08/03 08:58:00"
"4008932","659,88","0","2026/02/18 00:00:00","2026/08/03 08:58:00"
"4008933","659,88","0","2026/02/18 00:00:00","2026/08/03 08:58:00"
"4008935","809,94","0","2026/02/18 00:00:00","2026/08/03 08:58:00"
"4008940","875,88","0","2026/02/18 00:00:00","2026/08/03 08:58:00"
"4008942","875,88","0","2026/02/18 00:00:00","2026/08/03 08:58:00"
"4008953","1199,80","0","2026/02/18 00:00:00","2026/08/03 08:58:00"
"4008954","1199,80","0","2026/02/18 00:00:00","2026/08/03 08:58:00"
"4008955","1199,80","0","2026/02/18 00:00:00","2026/08/03 08:58:00"
"4008956","1079,92","0","2026/02/18 00:00:00","2026/08/03 08:58:00"
"4008957","1063,92","0","2026/02/18 00:00:00","2026/08/03 08:58:00"
"4008958","879,92","0","2026/02/18 00:00:00","2026/08/03 08:58:00"
"4008959","1039,92","0","2026/02/18 00:00:00","2026/08/03 08:58:00"
"4008960","1095,92","0","2026/02/18 00:00:00","2026/08/03 08:58:00"
"4008966","839,94","0","2026/02/18 00:00:00","2026/08/03 08:58:00"
"4009049","764,91","0","2026/02/18 00:00:00","2026/08/03 08:58:00"
"4009050","539,94","0","2026/02/18 00:00:00","2026/08/03 08:58:00"
"4009120","799,92","0","2026/02/18 00:00:00","2026/08/03 08:58:00"
"4009125","899,94","0","2026/02/18 00:00:00","2026/08/03 08:58:00"
"4009128","799,92","0","2026/02/18 00:00:00","2026/08/03 08:58:00"
"4009140","839,88","0","2026/02/18 00:00:00","2026/08/03 08:58:00"
"4009146","809,91","0","2026/02/18 00:00:00","2026/08/03 08:58:00"
"4009530","347,88","0","2026/02/18 00:00:00","2026/08/03 08:58:00"
"4009540","347,88","0","2026/02/18 00:00:00","2026/08/03 08:58:00"
"4009660","1199,94","0","2026/02/18 00:00:00","2026/08/03 08:58:00"
"4009670","774,95","0","2026/02/18 00:00:00","2026/08/03 08:58:00"
"4009754","959,76","0","2026/02/18 00:00:00","2026/08/03 08:58:00"
"4011633","479,94","0","2026/02/18 00:00:00","2026/08/03 08:58:00"
"4012012","755,88","0","2026/02/18 00:00:00","2026/08/03 08:58:00"
"4012017","779,88","0","2026/02/18 00:00:00","2026/08/03 08:58:00"
"4012018","635,88","0","2026/02/18 00:00:00","2026/08/03 08:58:00"
"4012020","677,94","0","2026/02/18 00:00:00","2026/08/03 08:58:00"
"4012021","849,90","0","2026/02/18 00:00:00","2026/08/03 08:58:00"
"4012022","629,91","0","2026/02/18 00:00:00","2026/08/03 08:58:00"
"4012023","419,94","0","2026/02/18 00:00:00","2026/08/03 08:58:00"
"4012024","659,94","0","2026/02/18 00:00:00","2026/08/03 08:58:00"
"4012025","799,96","0","2026/02/18 00:00:00","2026/08/03 08:58:00"
"4012028","719,96","0","2026/02/18 00:00:00","2026/08/03 08:58:00"
"4012029","677,94","0","2026/02/18 00:00:00","2026/08/03 08:58:00"
"4012034","719,94","0","2026/02/18 00:00:00","2026/08/03 08:58:00"
"4012045","479,88","0","2026/02/18 00:00:00","2026/08/03 08:58:00"
"4012046","479,88","0","2026/02/18 00:00:00","2026/08/03 08:58:00"
"4012054","419,94","0","2026/02/18 00:00:00","2026/08/03 08:58:00"
"4012056","659,88","0","2026/02/18 00:00:00","2026/08/03 08:58:00"
"4012058","519,96","0","2026/02/18 00:00:00","2026/08/03 08:58:00"
"4012059","419,94","0","2026/02/18 00:00:00","2026/08/03 08:58:00"
"4012062","479,88","0","2026/02/18 00:00:00","2026/08/03 08:58:00"
"4012065","479,88","0","2026/02/18 00:00:00","2026/08/03 08:58:00"
"4012068","519,96","0","2026/02/18 00:00:00","2026/08/03 08:58:00"
"4012070","129,90","0","2026/02/18 00:00:00","2026/08/03 08:58:00"
"4012079","129,90","0","2026/02/18 00:00:00","2026/08/03 08:58:00"
"4012080","449,91","0","2026/02/18 00:00:00","2026/08/03 08:58:00"
"4012081","719,88","0","2026/02/18 00:00:00","2026/08/03 08:58:00"
"4012082","599,94","0","2026/02/18 00:00:00","2026/08/03 08:58:00"
"4012089","839,94","0","2026/02/18 00:00:00","2026/08/03 08:58:00"
"4012090","809,94","0","2026/02/18 00:00:00","2026/08/03 08:58:00"
"4012093","779,88","0","2026/02/18 00:00:00","2026/08/03 08:58:00"
"4012094","779,88","0","2026/02/18 00:00:00","2026/08/03 08:58:00"
"4012120","399,92","0","2026/02/18 00:00:00","2026/08/03 08:58:00"
"4012121","399,92","0","2026/02/18 00:00:00","2026/08/03 08:58:00"
"4012122","399,92","0","2026/02/18 00:00:00","2026/08/03 08:58:00"
"4012123","399,92","0","2026/02/18 00:00:00","2026/08/03 08:58:00"
"4012124","399,92","0","2026/02/18 00:00:00","2026/08/03 08:58:00"
"4012125","399,92","0","2026/02/18 00:00:00","2026/08/03 08:58:00"
"4012126","399,92","0","2026/02/18 00:00:00","2026/08/03 08:58:00"
"4012127","399,92","0","2026/02/18 00:00:00","2026/08/03 08:58:00"
"4012128","399,92","0","2026/02/18 00:00:00","2026/08/03 08:58:00"
"4012140","874,75","0","2026/02/18 00:00:00","2026/08/03 08:58:00"
"4012152","924,75","0","2026/02/18 00:00:00","2026/08/03 08:58:00"
"4012154","1249,75","0","2026/02/18 00:00:00","2026/08/03 08:58:00"
"4012165","659,98","0","2026/02/18 00:00:00","2026/08/03 08:58:00"
"4012166","999,75","0","2026/02/18 00:00:00","2026/08/03 08:58:00"
"4012176","824,95","0","2026/02/18 00:00:00","2026/08/03 08:58:00"
"4012177","1149,95","0","2026/02/18 00:00:00","2026/08/03 08:58:00"
"4012178","599,95","0","2026/02/18 00:00:00","2026/08/03 08:58:00"
"4012179","599,95","0","2026/02/18 00:00:00","2026/08/03 08:58:00"
"4012180","899,95","0","2026/02/18 00:00:00","2026/08/03 08:58:00"
"4012189","874,75","0","2026/02/18 00:00:00","2026/08/03 08:58:00"
"4012190","999,95","0","2025/10/27 00:00:00","2026/08/03 08:58:00"
"4012192","959,94","0","2026/02/18 00:00:00","2026/08/03 08:58:00"
"4012193","899,94","0","2026/02/18 00:00:00","2026/08/03 08:58:00"
"4012197","699,90","0","2026/02/18 00:00:00","2026/08/03 08:58:00"
"4012201","419,88","0","2026/02/18 00:00:00","2026/08/03 08:58:00"
"4012202","674,75","0","2026/02/18 00:00:00","2026/08/03 08:58:00"
"4012243","299,96","0","2026/02/18 00:00:00","2026/08/03 08:58:00"
"4012245","379,96","0","2026/02/18 00:00:00","2026/08/03 08:58:00"
"4012246","349,90","0","2026/02/18 00:00:00","2026/08/03 08:58:00"
"4012252","369,90","0","2026/02/18 00:00:00","2026/08/03 08:58:00"
"4012253","275,94","0","2026/02/18 00:00:00","2026/08/03 08:58:00"
"4012254","359,96","0","2026/02/18 00:00:00","2026/08/03 08:58:00"
"4012257","159,80","0","2026/02/18 00:00:00","2026/08/03 08:58:00"
"4012265","479,88","0","2026/02/18 00:00:00","2026/08/03 08:58:00"
"4012266","347,88","0","2026/02/18 00:00:00","2026/08/03 08:58:00"
"4012267","599,88","0","2026/02/18 00:00:00","2026/08/03 08:58:00"
"4012268","275,94","0","2026/02/18 00:00:00","2026/08/03 08:58:00"
"4012269","179,94","0","2026/02/18 00:00:00","2026/08/03 08:58:00"
"4012270","335,76","0","2026/02/18 00:00:00","2026/08/03 08:58:00"
"4012271","539,94","0","2026/02/18 00:00:00","2026/08/03 08:58:00"
"4012273","639,96","0","2026/02/18 00:00:00","2026/08/03 08:58:00"
"4012278","359,96","0","2026/02/18 00:00:00","2026/08/03 08:58:00"
"4012280","369,90","0","2026/02/18 00:00:00","2026/08/03 08:58:00"
"4012281","119,80","0","2026/03/09 00:00:00","2026/08/03 08:58:00"
"4012299","159,80","0","2026/02/18 00:00:00","2026/08/03 08:58:00"
"4012300","411,96","0","2026/02/18 00:00:00","2026/08/03 08:58:00"
"4012302","429,90","0","2026/02/18 00:00:00","2026/08/03 08:58:00"
"4012303","507,96","0","2026/02/18 00:00:00","2026/08/03 08:58:00"
"4012304","939,96","0","2026/02/18 00:00:00","2026/08/03 08:58:00"
"4012306","599,88","0","2026/02/18 00:00:00","2026/08/03 08:58:00"
"4012307","939,96","0","2026/02/18 00:00:00","2026/08/03 08:58:00"
"4012308","427,96","0","2026/02/18 00:00:00","2026/08/03 08:58:00"
"4012311","939,96","0","2026/02/18 00:00:00","2026/08/03 08:58:00"
"4012313","719,88","0","2026/02/18 00:00:00","2026/08/03 08:58:00"
"4012314","719,88","0","2026/02/18 00:00:00","2026/08/03 08:58:00"
"4012315","719,88","0","2026/02/18 00:00:00","2026/08/03 08:58:00"
"4012319","1159,96","0","2026/02/18 00:00:00","2026/08/03 08:58:00"
"4012320","359,88","0","2026/02/18 00:00:00","2026/08/03 08:58:00"
"4012327","359,88","0","2026/02/18 00:00:00","2026/08/03 08:58:00"
"4012328","359,88","0","2026/02/18 00:00:00","2026/08/03 08:58:00"
"4012329","359,88","0","2026/02/18 00:00:00","2026/08/03 08:58:00"
"4012330","359,88","0","2026/02/18 00:00:00","2026/08/03 08:58:00"
"4012331","239,88","0","2026/02/18 00:00:00","2026/08/03 08:58:00"
"4012332","239,88","0","2026/02/18 00:00:00","2026/08/03 08:58:00"
"4012333","299,88","0","2026/02/18 00:00:00","2026/08/03 08:58:00"
"4012334","1399,96","0","2026/02/18 00:00:00","2026/08/03 08:58:00"
"4012354","419,96","0","2026/02/18 00:00:00","2026/08/03 08:58:00"
"4012421","299,80","0","2026/02/18 00:00:00","2026/08/03 08:58:00"
"4012422","199,80","0","2026/02/18 00:00:00","2026/08/03 08:58:00"
"4012425","199,80","0","2026/02/18 00:00:00","2026/08/03 08:58:00"
"4012426","383,76","0","2026/02/18 00:00:00","2026/08/03 08:58:00"
"4012435","359,88","0","2026/02/18 00:00:00","2026/08/03 08:58:00"
"4012457","919,96","0","2026/02/18 00:00:00","2026/08/03 08:58:00"
"4012466","479,88","0","2026/02/18 00:00:00","2026/08/03 08:58:00"
"4012467","437,94","0","2026/02/18 00:00:00","2026/08/03 08:58:00"
"4012468","719,94","0","2026/02/18 00:00:00","2026/08/03 08:58:00"
"4012470","739,96","0","2026/02/18 00:00:00","2026/08/03 08:58:00"
"4012481","779,88","0","2026/02/18 00:00:00","2026/08/03 08:58:00"
"4012482","479,88","0","2026/02/18 00:00:00","2026/08/03 08:58:00"
"4012483","479,88","0","2026/02/18 00:00:00","2026/08/03 08:58:00"
"4012484","347,88","0","2026/02/18 00:00:00","2026/08/03 08:58:00"
"4012485","347,88","0","2026/02/18 00:00:00","2026/08/03 08:58:00"
"4012486","239,88","0","2026/02/18 00:00:00","2026/08/03 08:58:00"
"4012487","347,88","0","2026/02/18 00:00:00","2026/08/03 08:58:00"
"4012488","359,88","0","2026/02/18 00:00:00","2026/08/03 08:58:00"
"4012491","359,88","0","2026/02/18 00:00:00","2026/08/03 08:58:00"
"4012505","759,92","0","2026/02/18 00:00:00","2026/08/03 08:58:00"
"4012506","759,92","0","2026/02/18 00:00:00","2026/08/03 08:58:00"
"4012507","799,92","0","2026/02/18 00:00:00","2026/08/03 08:58:00"
"4012508","1079,92","0","2026/02/18 00:00:00","2026/08/03 08:58:00"
"4012509","479,88","0","2026/02/18 00:00:00","2026/08/03 08:58:00"
"4012510","419,94","0","2026/02/18 00:00:00","2026/08/03 08:58:00"
"4012511","479,88","0","2026/02/18 00:00:00","2026/08/03 08:58:00"
"4012512","419,94","0","2026/02/18 00:00:00","2026/08/03 08:58:00"
"4012513","199,90","0","2026/02/18 00:00:00","2026/08/03 08:58:00"
"4012514","199,90","0","2026/02/18 00:00:00","2026/08/03 08:58:00"
"4012540","539,91","0","2026/02/18 00:00:00","2026/08/03 08:58:00"
"4012550","875,88","0","2026/02/18 00:00:00","2026/08/03 08:58:00"
"4012570","347,88","0","2026/02/18 00:00:00","2026/08/03 08:58:00"
"4012583","299,94","0","2026/02/18 00:00:00","2026/08/03 08:58:00"
"4012585","399,90","0","2026/02/18 00:00:00","2026/08/03 08:58:00"
"4012591","359,88","0","2026/02/18 00:00:00","2026/08/03 08:58:00"
"4012602","359,88","0","2026/02/18 00:00:00","2026/08/03 08:58:00"
"4012611","359,88","0","2026/02/18 00:00:00","2026/08/03 08:58:00"
"4012621","299,94","0","2026/02/18 00:00:00","2026/08/03 08:58:00"
"4012640","839,94","0","2026/02/18 00:00:00","2026/08/03 08:58:00"
"4012660","959,94","0","2026/02/18 00:00:00","2026/08/03 08:58:00"
"4012670","599,88","0","2026/02/18 00:00:00","2026/08/03 08:58:00"
"4012680","659,88","0","2026/02/18 00:00:00","2026/08/03 08:58:00"
"4012690","799,92","0","2026/04/17 00:00:00","2026/08/03 08:58:00"
"4012691","799,92","0","2026/04/17 00:00:00","2026/08/03 08:58:00"
"4012692","799,92","0","2026/04/17 00:00:00","2026/08/03 08:58:00"
"4012693","799,92","0","2026/04/17 00:00:00","2026/08/03 08:58:00"
"4012694","799,92","0","2026/04/17 00:00:00","2026/08/03 08:58:00"
"4012695","799,92","0","2026/04/17 00:00:00","2026/08/03 08:58:00"
"4012800","659,94","0","2026/02/18 00:00:00","2026/08/03 08:58:00"
"4012801","659,94","0","2026/02/18 00:00:00","2026/08/03 08:58:00"
"4012802","659,94","0","2026/02/18 00:00:00","2026/08/03 08:58:00"
"4012803","659,94","0","2026/02/18 00:00:00","2026/08/03 08:58:00"
"4013754","779,88","0","2026/02/18 00:00:00","2026/08/03 08:58:00"
"4014008","349,95","0","2026/02/18 00:00:00","2026/08/03 08:58:00"
"4015424","335,76","0","2026/02/18 00:00:00","2026/08/03 08:58:00"
"4015425","383,76","0","2026/02/18 00:00:00","2026/08/03 08:58:00"
"4015431","335,76","0","2026/02/18 00:00:00","2026/08/03 08:58:00"
"4015433","479,76","0","2026/02/18 00:00:00","2026/08/03 08:58:00"
"4015496","439,79","0","2026/04/17 00:00:00","2026/08/03 08:58:00"
"4015591","779,88","0","2026/02/18 00:00:00","2026/08/03 08:58:00"
"4017002","1199,76","0","2025/09/18 00:00:00","2026/08/03 08:58:00"
"4017003","1199,76","0","2025/09/18 00:00:00","2026/08/03 08:58:00"
"4017004","1199,76","0","2025/09/18 00:00:00","2026/08/03 08:58:00"
"4017005","599,76","0","2025/09/18 00:00:00","2026/08/03 08:58:00"
"4017006","1439,76","0","2025/09/18 00:00:00","2026/08/03 08:58:00"
"4017007","1319,76","0","2025/09/18 00:00:00","2026/08/03 08:58:00"
"4017008","1199,76","0","2025/09/18 00:00:00","2026/08/03 08:58:00"
"4017010","1199,76","0","2025/09/18 00:00:00","2026/08/03 08:58:00"
"4017011","1799,70","0","2025/09/18 00:00:00","2026/08/03 08:58:00"
"4017012","1199,76","0","2025/09/18 00:00:00","2026/08/03 08:58:00"
"4017013","999,80","0","2025/09/18 00:00:00","2026/08/03 08:58:00"
"4017014","1439,76","0","2025/09/18 00:00:00","2026/08/03 08:58:00"
"4017015","1439,76","0","2025/09/18 00:00:00","2026/08/03 08:58:00"
"4017016","1199,76","0","2025/09/18 00:00:00","2026/08/03 08:58:00"
"4017017","799,92","0","2026/02/18 00:00:00","2026/08/03 08:58:00"
"4017043","49,99","0","2025/11/06 00:00:00","2026/08/03 08:58:00"
"4017044","49,99","0","2025/11/06 00:00:00","2026/08/03 08:58:00"
"4017045","74,99","0","2025/11/06 00:00:00","2026/08/03 08:58:00"
"4017046","84,99","0","2025/11/06 00:00:00","2026/08/03 08:58:00"
"4017047","84,99","0","2025/11/06 00:00:00","2026/08/03 08:58:00"
"4017048","114,99","0","2025/11/06 00:00:00","2026/08/03 08:58:00"
"4017049","62,99","0","2025/11/06 00:00:00","2026/08/03 08:58:00"
"4017050","62,99","0","2025/11/06 00:00:00","2026/08/03 08:58:00"
"4017051","62,99","0","2025/11/06 00:00:00","2026/08/03 08:58:00"
"4017052","62,99","0","2025/11/06 00:00:00","2026/08/03 08:58:00"
"4017053","114,99","0","2025/11/06 00:00:00","2026/08/03 08:58:00"
"4017054","114,99","0","2025/11/06 00:00:00","2026/08/03 08:58:00"
"4017055","114,99","0","2025/11/06 00:00:00","2026/08/03 08:58:00"
"4017056","114,99","0","2025/11/06 00:00:00","2026/08/03 08:58:00"
"4017057","79,99","0","2025/11/06 00:00:00","2026/08/03 08:58:00"
"4017058","79,99","0","2025/11/06 00:00:00","2026/08/03 08:58:00"
"4017059","79,99","0","2025/11/06 00:00:00","2026/08/03 08:58:00"
"4017060","79,99","0","2025/11/06 00:00:00","2026/08/03 08:58:00"
"4017096","799,92","0","2026/02/18 00:00:00","2026/08/03 08:58:00"
"4017097","799,92","0","2026/02/18 00:00:00","2026/08/03 08:58:00"
"4017098","799,92","0","2026/02/18 00:00:00","2026/08/03 08:58:00"
"4017099","799,92","0","2026/02/18 00:00:00","2026/08/03 08:58:00"
"4017107","799,92","0","2026/02/18 00:00:00","2026/08/03 08:58:00"
"4017108","799,92","0","2026/04/17 00:00:00","2026/08/03 08:58:00"
"4017109","799,92","0","2026/04/17 00:00:00","2026/08/03 08:58:00"
"4017110","62,99","0","2026/01/26 00:00:00","2026/08/03 08:58:00"
"4017111","62,99","0","2026/01/26 00:00:00","2026/08/03 08:58:00"
"4017112","114,99","0","2026/01/26 00:00:00","2026/08/03 08:58:00"
"4017113","114,99","0","2026/01/26 00:00:00","2026/08/03 08:58:00"
"4017132","64,99","0","2026/04/16 00:00:00","2026/08/03 08:58:00"
"4017133","64,99","0","2026/04/16 00:00:00","2026/08/03 08:58:00"
"4017134","64,99","0","2026/04/16 00:00:00","2026/08/03 08:58:00"
"4017135","64,99","0","2026/04/16 00:00:00","2026/08/03 08:58:00"
"4017136","64,99","0","2026/04/16 00:00:00","2026/08/03 08:58:00"
"4017137","64,99","0","2026/04/16 00:00:00","2026/08/03 08:58:00"
"4017138","64,99","0","2026/04/16 00:00:00","2026/08/03 08:58:00"
"4017139","64,99","0","2026/04/16 00:00:00","2026/08/03 08:58:00"
"4017140","64,99","0","2026/04/16 00:00:00","2026/08/03 08:58:00"
"4017141","64,99","0","2026/04/16 00:00:00","2026/08/03 08:58:00"
"4017142","64,99","0","2026/04/16 00:00:00","2026/08/03 08:58:00"
"4017143","64,99","0","2026/04/16 00:00:00","2026/08/03 08:58:00"
"4017144","64,99","0","2026/04/16 00:00:00","2026/08/03 08:58:00"
"4022481","779,88","0","2026/02/18 00:00:00","2026/08/03 08:58:00"
"4042062","479,88","0","2026/02/18 00:00:00","2026/08/03 08:58:00"
"4042154","1249,75","0","2026/02/18 00:00:00","2026/08/03 08:58:00"
"4042166","999,75","0","2026/02/18 00:00:00","2026/08/03 08:58:00"
"42062","39,99","0","2026/02/18 00:00:00","2026/08/03 08:58:00"
"42154","49,99","0","2026/02/18 00:00:00","2026/08/03 08:58:00"
"42166","39,99","0","2026/02/18 00:00:00","2026/08/03 08:58:00"
"424","16,99","0","2025/10/07 00:00:00","2026/08/03 08:58:00"
"426","19,99","0","2025/10/07 00:00:00","2026/08/03 08:58:00"
"429","12,99","0","2025/10/07 00:00:00","2026/08/03 08:58:00"
"4905","64,99","0","2026/02/18 00:00:00","2026/08/03 08:58:00"
"4906","28,99","0","2026/02/18 00:00:00","2026/08/03 08:58:00"
"4908","22,99","0","2026/02/18 00:00:00","2026/08/03 08:58:00"
"4950","28,99","0","2026/02/18 00:00:00","2026/08/03 08:58:00"
"4951","34,99","0","2026/02/18 00:00:00","2026/08/03 08:58:00"
"4952","22,99","0","2026/02/18 00:00:00","2026/08/03 08:58:00"
"4953","45,99","0","2026/02/18 00:00:00","2026/08/03 08:58:00"
"4955","21,99","0","2026/02/18 00:00:00","2026/08/03 08:58:00"
"4957","32,99","0","2026/02/18 00:00:00","2026/08/03 08:58:00"
"4960","31,99","0","2026/03/16 00:00:00","2026/08/03 08:58:00"
"4962","59,99","0","2026/02/18 00:00:00","2026/08/03 08:58:00"
"4965","139,99","0","2026/03/16 00:00:00","2026/08/03 08:58:00"
"4967","42,99","0","2026/02/18 00:00:00","2026/08/03 08:58:00"
"4968","84,99","0","2026/02/18 00:00:00","2026/08/03 08:58:00"
"4969","42,99","0","2026/02/18 00:00:00","2026/08/03 08:58:00"
"4986","39,99","0","2026/02/18 00:00:00","2026/08/03 08:58:00"
"4995","42,99","0","2026/02/18 00:00:00","2026/08/03 08:58:00"
"511","23,99","0","2025/10/20 00:00:00","2026/08/03 08:58:00"
"516","349,99","0","2026/02/18 00:00:00","2026/08/03 08:58:00"
"519","36,99","0","2025/10/07 00:00:00","2026/08/03 08:58:00"
"520","23,99","0","2025/10/20 00:00:00","2026/08/03 08:58:00"
"523","12,99","0","2025/11/26 00:00:00","2026/08/03 08:58:00"
"5240","29,99","0","2025/10/20 00:00:00","2026/08/03 08:58:00"
"539","29,99","0","2025/10/20 00:00:00","2026/08/03 08:58:00"
"5496","21,99","0","2026/04/17 00:00:00","2026/08/03 08:58:00"
"550","21,99","0","2025/10/07 00:00:00","2026/08/03 08:58:00"
"551","21,99","0","2025/10/07 00:00:00","2026/08/03 08:58:00"
"552","21,99","0","2025/10/07 00:00:00","2026/08/03 08:58:00"
"553","21,99","0","2025/10/07 00:00:00","2026/08/03 08:58:00"
"554","21,99","0","2025/10/07 00:00:00","2026/08/03 08:58:00"
"558","29,99","0","2025/10/20 00:00:00","2026/08/03 08:58:00"
"5945","29,99","0","2026/02/18 00:00:00","2026/08/03 08:58:00"
"600016","15,99","0","2025/10/20 00:00:00","2026/08/03 08:58:00"
"600018","15,99","0","2025/10/20 00:00:00","2026/08/03 08:58:00"
"600020","15,99","0","2026/04/17 00:00:00","2026/08/03 08:58:00"
"600021","15,99","0","2025/10/20 00:00:00","2026/08/03 08:58:00"
"600022","15,99","0","2025/10/20 00:00:00","2026/08/03 08:58:00"
"600023","15,99","0","2025/10/20 00:00:00","2026/08/03 08:58:00"
"600024","15,99","0","2025/10/20 00:00:00","2026/08/03 08:58:00"
"600025","15,99","0","2025/10/20 00:00:00","2026/08/03 08:58:00"
"600026","15,99","0","2025/10/20 00:00:00","2026/08/03 08:58:00"
"600027","15,99","0","2025/10/20 00:00:00","2026/08/03 08:58:00"
"600028","15,99","0","2025/10/20 00:00:00","2026/08/03 08:58:00"
"600029","15,99","0","2025/10/20 00:00:00","2026/08/03 08:58:00"
"600036","29,99","0","2025/10/20 00:00:00","2026/08/03 08:58:00"
"600048","34,99","0","2025/10/07 00:00:00","2026/08/03 08:58:00"
"600050","24,99","0","2025/10/10 00:00:00","2026/08/03 08:58:00"
"600051","44,99","0","2025/10/10 00:00:00","2026/08/03 08:58:00"
"600052","54,99","0","2025/10/10 00:00:00","2026/08/03 08:58:00"
"600053","54,99","0","2025/10/10 00:00:00","2026/08/03 08:58:00"
"600056","46,99","0","2025/11/07 00:00:00","2026/08/03 08:58:00"
"600100","21,99","0","2025/10/06 00:00:00","2026/08/03 08:58:00"
"600101","26,99","0","2025/10/06 00:00:00","2026/08/03 08:58:00"
"600102","32,99","0","2025/10/06 00:00:00","2026/08/03 08:58:00"
"600103","24,99","0","2025/10/06 00:00:00","2026/08/03 08:58:00"
"600104","19,99","0","2025/10/06 00:00:00","2026/08/03 08:58:00"
"600107","22,99","0","2025/10/06 00:00:00","2026/08/03 08:58:00"
"600108","39,99","0","2025/10/06 00:00:00","2026/08/03 08:58:00"
"600109","22,99","0","2025/10/06 00:00:00","2026/08/03 08:58:00"
"600110","34,99","0","2025/10/06 00:00:00","2026/08/03 08:58:00"
"600124","24,99","0","2025/10/06 00:00:00","2026/08/03 08:58:00"
"600126","24,99","0","2025/10/06 00:00:00","2026/08/03 08:58:00"
"6001260","14,99","0","2025/10/07 00:00:00","2026/08/03 08:58:00"
"600153","32,99","0","2025/10/10 00:00:00","2026/08/03 08:58:00"
"600154","32,99","0","2025/10/10 00:00:00","2026/08/03 08:58:00"
"600160","32,99","0","2025/10/10 00:00:00","2026/08/03 08:58:00"
"600172","32,99","0","2025/10/10 00:00:00","2026/08/03 08:58:00"
"600201","15,99","0","2025/10/20 00:00:00","2026/08/03 08:58:00"
"600206","12,99","0","2025/11/19 00:00:00","2026/08/03 08:58:00"
"600230","24,99","0","2025/10/20 00:00:00","2026/08/03 08:58:00"
"600421","29,99","0","2025/10/06 00:00:00","2026/08/03 08:58:00"
"600422","54,99","0","2025/10/06 00:00:00","2026/08/03 08:58:00"
"600423","49,99","0","2025/10/06 00:00:00","2026/08/03 08:58:00"
"600424","74,99","0","2025/10/06 00:00:00","2026/08/03 08:58:00"
"600486","49,99","0","2025/10/06 00:00:00","2026/08/03 08:58:00"
"600616","109,99","0","2025/10/07 00:00:00","2026/08/03 08:58:00"
"600619","19,99","0","2025/10/07 00:00:00","2026/08/03 08:58:00"
"600630","17,99","0","2025/10/10 00:00:00","2026/08/03 08:58:00"
"600657","29,99","0","2025/10/10 00:00:00","2026/08/03 08:58:00"
"600658","29,99","0","2025/10/10 00:00:00","2026/08/03 08:58:00"
"600659","29,99","0","2025/10/10 00:00:00","2026/08/03 08:58:00"
"600660","29,99","0","2025/10/10 00:00:00","2026/08/03 08:58:00"
"600661","49,99","0","2025/10/10 00:00:00","2026/08/03 08:58:00"
"600662","49,99","0","2025/10/10 00:00:00","2026/08/03 08:58:00"
"600663","49,99","0","2025/10/10 00:00:00","2026/08/03 08:58:00"
"600689","16,99","0","2025/10/10 00:00:00","2026/08/03 08:58:00"
"600690","16,99","0","2025/10/10 00:00:00","2026/08/03 08:58:00"
"600691","16,99","0","2025/10/10 00:00:00","2026/08/03 08:58:00"
"600692","16,99","0","2025/10/10 00:00:00","2026/08/03 08:58:00"
"600693","39,99","0","2025/10/10 00:00:00","2026/08/03 08:58:00"
"600695","19,99","0","2025/10/10 00:00:00","2026/08/03 08:58:00"
"600745","29,99","0","2025/10/07 00:00:00","2026/08/03 08:58:00"
"600830","16,99","0","2025/10/10 00:00:00","2026/08/03 08:58:00"
"600860","149,99","0","2025/11/19 00:00:00","2026/08/03 08:58:00"
"600861","129,99","0","2025/11/19 00:00:00","2026/08/03 08:58:00"
"600862","199,99","0","2025/11/19 00:00:00","2026/08/03 08:58:00"
"600864","399,99","0","2025/11/19 00:00:00","2026/08/03 08:58:00"
"600866","399,99","0","2025/11/19 00:00:00","2026/08/03 08:58:00"
"600867","194,99","0","2025/11/19 00:00:00","2026/08/03 08:58:00"
"600870","99,99","0","2025/11/19 00:00:00","2026/08/03 08:58:00"
"664693","19,99","0","2025/12/09 00:00:00","2026/08/03 08:58:00"
"664822","14,99","0","2025/12/08 00:00:00","2026/08/03 08:58:00"
"664846","15,99","0","2025/10/20 00:00:00","2026/08/03 08:58:00"
"681","29,99","0","2025/10/20 00:00:00","2026/08/03 08:58:00"
"6980","59,99","0","2026/04/17 00:00:00","2026/08/03 08:58:00"
"6990","109,99","0","2025/12/12 00:00:00","2026/08/03 08:58:00"
"7003","45,00","0","2025/11/26 00:00:00","2026/08/03 08:58:00"
"7019","119,99","0","2026/02/18 00:00:00","2026/08/03 08:58:00"
"7021","149,99","0","2026/02/18 00:00:00","2026/08/03 08:58:00"
"7022","159,99","0","2026/02/18 00:00:00","2026/08/03 08:58:00"
"7025","299,99","0","2026/02/18 00:00:00","2026/08/03 08:58:00"
"7027","429,99","0","2025/10/17 00:00:00","2026/08/03 08:58:00"
"7028","69,99","0","2026/02/18 00:00:00","2026/08/03 08:58:00"
"7029","64,99","0","2026/02/18 00:00:00","2026/08/03 08:58:00"
"703","29,99","0","2025/10/20 00:00:00","2026/08/03 08:58:00"
"7038","249,99","0","2026/02/18 00:00:00","2026/08/03 08:58:00"
"7039","289,99","0","2026/02/18 00:00:00","2026/08/03 08:58:00"
"7041","199,99","0","2026/02/18 00:00:00","2026/08/03 08:58:00"
"7046","84,99","0","2025/11/26 00:00:00","2026/08/03 08:58:00"
"7047","134,99","0","2025/11/26 00:00:00","2026/08/03 08:58:00"
"7048","199,99","0","2025/11/26 00:00:00","2026/08/03 08:58:00"
"7049","134,99","0","2025/11/26 00:00:00","2026/08/03 08:58:00"
"7059","149,99","0","2026/02/18 00:00:00","2026/08/03 08:58:00"
"7077","144,99","0","2026/02/18 00:00:00","2026/08/03 08:58:00"
"7093","33,99","0","2025/11/26 00:00:00","2026/08/03 08:58:00"
"7094","33,99","0","2025/11/26 00:00:00","2026/08/03 08:58:00"
"7096","38,99","0","2025/11/26 00:00:00","2026/08/03 08:58:00"
"7097","79,99","0","2025/11/26 00:00:00","2026/08/03 08:58:00"
"7099","164,99","0","2025/11/26 00:00:00","2026/08/03 08:58:00"
"7100","349,99","0","2026/02/18 00:00:00","2026/08/03 08:58:00"
"7103","40,00","0","2025/11/26 00:00:00","2026/08/03 08:58:00"
"7106","44,99","0","2025/11/26 00:00:00","2026/08/03 08:58:00"
"7107","34,99","0","2025/11/26 00:00:00","2026/08/03 08:58:00"
"7108","99,99","0","2025/11/26 00:00:00","2026/08/03 08:58:00"
"7109","49,99","0","2025/11/26 00:00:00","2026/08/03 08:58:00"
"7121","419,99","0","2025/10/17 00:00:00","2026/08/03 08:58:00"
"7122","389,99","0","2025/10/17 00:00:00","2026/08/03 08:58:00"
"7123","389,99","0","2025/10/17 00:00:00","2026/08/03 08:58:00"
"7124","389,99","0","2025/10/17 00:00:00","2026/08/03 08:58:00"
"7125","389,99","0","2025/10/17 00:00:00","2026/08/03 08:58:00"
"7127","399,99","0","2025/10/17 00:00:00","2026/08/03 08:58:00"
"7133","24,99","0","2025/11/26 00:00:00","2026/08/03 08:58:00"
"7134","34,99","0","2025/11/26 00:00:00","2026/08/03 08:58:00"
"7145","159,99","0","2025/11/26 00:00:00","2026/08/03 08:58:00"
"7158","199,99","0","2025/11/26 00:00:00","2026/08/03 08:58:00"
"7177","49,99","0","2025/11/26 00:00:00","2026/08/03 08:58:00"
"7178","49,99","0","2025/11/26 00:00:00","2026/08/03 08:58:00"
"7179","34,99","0","2025/11/26 00:00:00","2026/08/03 08:58:00"
"7181","159,99","0","2025/11/26 00:00:00","2026/08/03 08:58:00"
"7182","104,99","0","2025/11/26 00:00:00","2026/08/03 08:58:00"
"7184","189,99","0","2025/11/26 00:00:00","2026/08/03 08:58:00"
"7185","189,99","0","2025/11/26 00:00:00","2026/08/03 08:58:00"
"7188","169,99","0","2025/11/26 00:00:00","2026/08/03 08:58:00"
"7193","69,99","0","2025/11/26 00:00:00","2026/08/03 08:58:00"
"7195","9,99","0","2025/11/26 00:00:00","2026/08/03 08:58:00"
"720","19,99","0","2025/10/20 00:00:00","2026/08/03 08:58:00"
"7215","399,99","0","2025/10/17 00:00:00","2026/08/03 08:58:00"
"7216","319,99","0","2025/10/17 00:00:00","2026/08/03 08:58:00"
"7217","319,99","0","2025/10/17 00:00:00","2026/08/03 08:58:00"
"7218","259,99","0","2026/02/18 00:00:00","2026/08/03 08:58:00"
"7225","40,00","0","2025/11/26 00:00:00","2026/08/03 08:58:00"
"7226","139,99","0","2025/11/26 00:00:00","2026/08/03 08:58:00"
"7228","14,99","0","2025/11/26 00:00:00","2026/08/03 08:58:00"
"7242","19,99","0","2025/11/26 00:00:00","2026/08/03 08:58:00"
"7244","40,00","0","2025/11/26 00:00:00","2026/08/03 08:58:00"
"7245","24,99","0","2025/11/26 00:00:00","2026/08/03 08:58:00"
"7251","329,99","0","2026/02/18 00:00:00","2026/08/03 08:58:00"
"7254","169,99","0","2025/11/26 00:00:00","2026/08/03 08:58:00"
"7259","289,99","0","2026/02/18 00:00:00","2026/08/03 08:58:00"
"7265","119,99","0","2026/02/18 00:00:00","2026/08/03 08:58:00"
"7270","159,99","0","2025/11/26 00:00:00","2026/08/03 08:58:00"
"7275","79,99","0","2026/02/18 00:00:00","2026/08/03 08:58:00"
"728","24,99","0","2025/10/20 00:00:00","2026/08/03 08:58:00"
"729","24,99","0","2025/10/20 00:00:00","2026/08/03 08:58:00"
"7290","79,99","0","2026/03/27 00:00:00","2026/08/03 08:58:00"
"7295","29,99","0","2026/02/18 00:00:00","2026/08/03 08:58:00"
"7296","29,99","0","2026/02/18 00:00:00","2026/08/03 08:58:00"
"7297","29,99","0","2026/02/18 00:00:00","2026/08/03 08:58:00"
"7304","104,99","0","2026/02/18 00:00:00","2026/08/03 08:58:00"
"7305","119,99","0","2026/02/18 00:00:00","2026/08/03 08:58:00"
"7308","499,99","0","2025/10/17 00:00:00","2026/08/03 08:58:00"
"7309","499,99","0","2025/10/17 00:00:00","2026/08/03 08:58:00"
"7310","419,99","0","2025/10/17 00:00:00","2026/08/03 08:58:00"
"7315","129,99","0","2026/02/18 00:00:00","2026/08/03 08:58:00"
"7318","84,99","0","2026/02/18 00:00:00","2026/08/03 08:58:00"
"7341","159,99","0","2026/02/18 00:00:00","2026/08/03 08:58:00"
"7342","74,99","0","2026/02/18 00:00:00","2026/08/03 08:58:00"
"7343","199,99","0","2026/02/18 00:00:00","2026/08/03 08:58:00"
"7344","124,99","0","2026/02/18 00:00:00","2026/08/03 08:58:00"
"7346","144,99","0","2026/02/18 00:00:00","2026/08/03 08:58:00"
"7347","144,99","0","2026/02/18 00:00:00","2026/08/03 08:58:00"
"7400","59,99","0","2025/10/07 00:00:00","2026/08/03 08:58:00"
"7401","26,99","0","2025/10/07 00:00:00","2026/08/03 08:58:00"
"7402","26,99","0","2025/10/07 00:00:00","2026/08/03 08:58:00"
"7403","26,99","0","2025/10/07 00:00:00","2026/08/03 08:58:00"
"7405","59,99","0","2025/10/07 00:00:00","2026/08/03 08:58:00"
"7406","59,99","0","2025/10/07 00:00:00","2026/08/03 08:58:00"
"7429","129,99","0","2026/02/18 00:00:00","2026/08/03 08:58:00"
"7433","54,99","0","2025/10/07 00:00:00","2026/08/03 08:58:00"
"7434","149,99","0","2026/02/18 00:00:00","2026/08/03 08:58:00"
"7435","17,99","0","2025/10/07 00:00:00","2026/08/03 08:58:00"
"7436","17,99","0","2025/10/07 00:00:00","2026/08/03 08:58:00"
"7437","17,99","0","2025/10/07 00:00:00","2026/08/03 08:58:00"
"7439","18,99","0","2025/10/07 00:00:00","2026/08/03 08:58:00"
"744","21,99","0","2025/10/07 00:00:00","2026/08/03 08:58:00"
"745","14,99","0","2025/10/20 00:00:00","2026/08/03 08:58:00"
"7451","154,99","0","2025/10/07 00:00:00","2026/08/03 08:58:00"
"7452","154,99","0","2025/10/07 00:00:00","2026/08/03 08:58:00"
"7470","19,99","0","2025/10/20 00:00:00","2026/08/03 08:58:00"
"7472","14,99","0","2025/10/20 00:00:00","2026/08/03 08:58:00"
"7485","29,99","0","2025/10/07 00:00:00","2026/08/03 08:58:00"
"7486","29,99","0","2025/10/07 00:00:00","2026/08/03 08:58:00"
"7487","29,99","0","2025/10/07 00:00:00","2026/08/03 08:58:00"
"7488","29,99","0","2025/10/07 00:00:00","2026/08/03 08:58:00"
"7489","29,99","0","2025/10/07 00:00:00","2026/08/03 08:58:00"
"7491","26,99","0","2025/10/07 00:00:00","2026/08/03 08:58:00"
"7492","26,99","0","2025/10/07 00:00:00","2026/08/03 08:58:00"
"7494","26,99","0","2025/10/07 00:00:00","2026/08/03 08:58:00"
"7495","26,99","0","2025/10/07 00:00:00","2026/08/03 08:58:00"
"7496","26,99","0","2025/10/07 00:00:00","2026/08/03 08:58:00"
"7499","26,99","0","2025/10/07 00:00:00","2026/08/03 08:58:00"
"7519","17,99","0","2025/10/20 00:00:00","2026/08/03 08:58:00"
"7528","109,99","0","2025/10/07 00:00:00","2026/08/03 08:58:00"
"7531","299,99","0","2026/02/18 00:00:00","2026/08/03 08:58:00"
"7532","119,99","0","2026/02/18 00:00:00","2026/08/03 08:58:00"
"7535","749,99","0","2026/02/18 00:00:00","2026/08/03 08:58:00"
"7536","124,99","0","2026/02/18 00:00:00","2026/08/03 08:58:00"
"7553","17,99","0","2025/10/10 00:00:00","2026/08/03 08:58:00"
"7568","149,99","0","2026/02/18 00:00:00","2026/08/03 08:58:00"
"7588","119,99","0","2026/02/18 00:00:00","2026/08/03 08:58:00"
"7591","39,99","0","2025/11/26 00:00:00","2026/08/03 08:58:00"
"7592","32,99","0","2025/11/26 00:00:00","2026/08/03 08:58:00"
"7593","32,99","0","2025/11/26 00:00:00","2026/08/03 08:58:00"
"7606","229,99","0","2026/02/18 00:00:00","2026/08/03 08:58:00"
"7618","49,99","0","2025/11/26 00:00:00","2026/08/03 08:58:00"
"7620","339,99","0","2025/10/17 00:00:00","2026/08/03 08:58:00"
"7621","339,99","0","2025/10/17 00:00:00","2026/08/03 08:58:00"
"7622","339,99","0","2025/10/17 00:00:00","2026/08/03 08:58:00"
"7623","339,99","0","2025/10/17 00:00:00","2026/08/03 08:58:00"
"7624","339,99","0","2025/10/17 00:00:00","2026/08/03 08:58:00"
"7625","339,99","0","2025/10/17 00:00:00","2026/08/03 08:58:00"
"7626","28,99","0","2025/10/17 00:00:00","2026/08/03 08:58:00"
"7627","28,99","0","2025/10/17 00:00:00","2026/08/03 08:58:00"
"7628","28,99","0","2025/10/17 00:00:00","2026/08/03 08:58:00"
"7629","28,99","0","2025/10/17 00:00:00","2026/08/03 08:58:00"
"763","399,99","0","2025/10/17 00:00:00","2026/08/03 08:58:00"
"7630","28,99","0","2025/10/17 00:00:00","2026/08/03 08:58:00"
"7631","28,99","0","2025/10/17 00:00:00","2026/08/03 08:58:00"
"7632","339,99","0","2025/10/17 00:00:00","2026/08/03 08:58:00"
"7633","339,99","0","2025/10/17 00:00:00","2026/08/03 08:58:00"
"7634","339,99","0","2025/10/17 00:00:00","2026/08/03 08:58:00"
"7636","339,99","0","2025/10/17 00:00:00","2026/08/03 08:58:00"
"7638","36,99","0","2025/10/17 00:00:00","2026/08/03 08:58:00"
"764","399,99","0","2025/10/17 00:00:00","2026/08/03 08:58:00"
"7642","36,99","0","2025/10/17 00:00:00","2026/08/03 08:58:00"
"7643","36,99","0","2025/10/17 00:00:00","2026/08/03 08:58:00"
"7644","139,99","0","2026/02/18 00:00:00","2026/08/03 08:58:00"
"7645","49,99","0","2026/02/18 00:00:00","2026/08/03 08:58:00"
"7646","44,99","0","2026/02/18 00:00:00","2026/08/03 08:58:00"
"7647","44,99","0","2026/02/18 00:00:00","2026/08/03 08:58:00"
"7649","359,99","0","2026/03/27 00:00:00","2026/08/03 08:58:00"
"7651","119,99","0","2026/02/18 00:00:00","2026/08/03 08:58:00"
"7652","349,99","0","2026/02/18 00:00:00","2026/08/03 08:58:00"
"766","379,99","0","2025/10/17 00:00:00","2026/08/03 08:58:00"
"7668","159,99","0","2026/02/18 00:00:00","2026/08/03 08:58:00"
"7678","119,99","0","2026/02/18 00:00:00","2026/08/03 08:58:00"
"7688","129,99","0","2026/02/18 00:00:00","2026/08/03 08:58:00"
"7698","144,99","0","2026/02/18 00:00:00","2026/08/03 08:58:00"
"7708","159,99","0","2026/02/18 00:00:00","2026/08/03 08:58:00"
"7718","144,99","0","2026/02/18 00:00:00","2026/08/03 08:58:00"
"7728","144,99","0","2026/02/18 00:00:00","2026/08/03 08:58:00"
"7748","129,99","0","2026/02/18 00:00:00","2026/08/03 08:58:00"
"78","499,99","0","2025/10/17 00:00:00","2026/08/03 08:58:00"
"780","29,99","0","2025/10/20 00:00:00","2026/08/03 08:58:00"
"7904","16,99","0","2025/10/10 00:00:00","2026/08/03 08:58:00"
"7920","129,99","0","2026/02/18 00:00:00","2026/08/03 08:58:00"
"7930","179,99","0","2026/04/20 00:00:00","2026/08/03 08:58:00"
"7938","179,99","0","2026/04/20 00:00:00","2026/08/03 08:58:00"
"794","18,99","0","2025/10/20 00:00:00","2026/08/03 08:58:00"
"7940","119,99","0","2026/02/18 00:00:00","2026/08/03 08:58:00"
"7950","149,99","0","2026/04/20 00:00:00","2026/08/03 08:58:00"
"7980","86,99","0","2026/02/18 00:00:00","2026/08/03 08:58:00"
"7990","164,99","0","2026/02/18 00:00:00","2026/08/03 08:58:00"
"8110997","139,99","0","2025/10/06 00:00:00","2026/08/03 08:58:00"
"816","24,99","0","2025/10/20 00:00:00","2026/08/03 08:58:00"
"8162","69,00","0","2025/09/24 00:00:00","2026/08/03 08:58:00"
"817","29,99","0","2025/10/20 00:00:00","2026/08/03 08:58:00"
"8176","139,99","0","2026/02/18 00:00:00","2026/08/03 08:58:00"
"8178","149,99","0","2026/04/20 00:00:00","2026/08/03 08:58:00"
"818","18,99","0","2025/11/28 00:00:00","2026/08/03 08:58:00"
"8188","124,99","0","2026/02/18 00:00:00","2026/08/03 08:58:00"
"8237","84,99","0","2026/02/18 00:00:00","2026/08/03 08:58:00"
"8238","134,99","0","2026/02/18 00:00:00","2026/08/03 08:58:00"
"8328","199,99","0","2026/02/18 00:00:00","2026/08/03 08:58:00"
"8330","139,99","0","2026/02/18 00:00:00","2026/08/03 08:58:00"
"8332","149,99","0","2026/02/18 00:00:00","2026/08/03 08:58:00"
"8333","139,99","0","2026/02/18 00:00:00","2026/08/03 08:58:00"
"8338","139,99","0","2026/02/18 00:00:00","2026/08/03 08:58:00"
"8341","189,99","0","2026/02/18 00:00:00","2026/08/03 08:58:00"
"8343","139,99","0","2026/04/20 00:00:00","2026/08/03 08:58:00"
"8345","139,99","0","2026/02/18 00:00:00","2026/08/03 08:58:00"
"8346","199,99","0","2026/02/18 00:00:00","2026/08/03 08:58:00"
"8347","139,99","0","2026/02/18 00:00:00","2026/08/03 08:58:00"
"8367","149,99","0","2026/02/18 00:00:00","2026/08/03 08:58:00"
"8368","149,99","0","2026/02/18 00:00:00","2026/08/03 08:58:00"
"8370","134,99","0","2026/02/18 00:00:00","2026/08/03 08:58:00"
"8379","59,99","0","2026/02/18 00:00:00","2026/08/03 08:58:00"
"8380","159,99","0","2026/02/18 00:00:00","2026/08/03 08:58:00"
"8382","129,99","0","2026/04/20 00:00:00","2026/08/03 08:58:00"
"8415","79,99","0","2026/02/18 00:00:00","2026/08/03 08:58:00"
"8426","54,99","0","2026/02/18 00:00:00","2026/08/03 08:58:00"
"8438","149,99","0","2026/02/18 00:00:00","2026/08/03 08:58:00"
"8470","99,99","0","2026/02/18 00:00:00","2026/08/03 08:58:00"
"8480","54,99","0","2026/02/18 00:00:00","2026/08/03 08:58:00"
"8481","99,99","0","2026/02/18 00:00:00","2026/08/03 08:58:00"
"8518","199,99","0","2026/02/18 00:00:00","2026/08/03 08:58:00"
"8530","59,99","0","2026/02/18 00:00:00","2026/08/03 08:58:00"
"855","29,99","0","2025/10/20 00:00:00","2026/08/03 08:58:00"
"8620","164,99","0","2026/02/18 00:00:00","2026/08/03 08:58:00"
"8628","164,99","0","2026/02/18 00:00:00","2026/08/03 08:58:00"
"863","12,99","0","2025/10/07 00:00:00","2026/08/03 08:58:00"
"8721","99,99","0","2026/02/18 00:00:00","2026/08/03 08:58:00"
"8728","99,99","0","2026/02/18 00:00:00","2026/08/03 08:58:00"
"874","259,99","0","2025/10/17 00:00:00","2026/08/03 08:58:00"
"8750","94,99","0","2026/02/18 00:00:00","2026/08/03 08:58:00"
"8756","199,99","0","2026/02/18 00:00:00","2026/08/03 08:58:00"
"8757","119,99","0","2026/02/18 00:00:00","2026/08/03 08:58:00"
"8758","199,99","0","2026/02/18 00:00:00","2026/08/03 08:58:00"
"8759","139,99","0","2026/02/18 00:00:00","2026/08/03 08:58:00"
"8760","149,99","0","2026/02/18 00:00:00","2026/08/03 08:58:00"
"8763","149,99","0","2026/02/18 00:00:00","2026/08/03 08:58:00"
"8768","149,99","0","2026/02/18 00:00:00","2026/08/03 08:58:00"
"8778","149,99","0","2026/02/18 00:00:00","2026/08/03 08:58:00"
"8810","149,99","0","2026/02/18 00:00:00","2026/08/03 08:58:00"
"8816","79,99","0","2026/02/18 00:00:00","2026/08/03 08:58:00"
"8818","349,99","0","2026/02/18 00:00:00","2026/08/03 08:58:00"
"8870","179,99","0","2026/02/18 00:00:00","2026/08/03 08:58:00"
"889","16,99","0","2025/10/20 00:00:00","2026/08/03 08:58:00"
"891","22,99","0","2025/09/09 00:00:00","2026/08/03 08:58:00"
"8930","72,99","0","2026/02/18 00:00:00","2026/08/03 08:58:00"
"8932","54,99","0","2026/02/18 00:00:00","2026/08/03 08:58:00"
"8933","54,99","0","2026/02/18 00:00:00","2026/08/03 08:58:00"
"8935","134,99","0","2026/02/18 00:00:00","2026/08/03 08:58:00"
"8940","72,99","0","2026/02/18 00:00:00","2026/08/03 08:58:00"
"8942","72,99","0","2026/02/18 00:00:00","2026/08/03 08:58:00"
"8950","129,99","0","2026/02/18 00:00:00","2026/08/03 08:58:00"
"8951","129,99","0","2026/02/18 00:00:00","2026/08/03 08:58:00"
"8953","59,99","0","2026/02/18 00:00:00","2026/08/03 08:58:00"
"8954","59,99","0","2026/02/18 00:00:00","2026/08/03 08:58:00"
"8955","59,99","0","2026/02/18 00:00:00","2026/08/03 08:58:00"
"8956","134,99","0","2026/02/18 00:00:00","2026/08/03 08:58:00"
"8957","132,99","0","2026/02/18 00:00:00","2026/08/03 08:58:00"
"8958","109,99","0","2026/02/18 00:00:00","2026/08/03 08:58:00"
"8959","129,99","0","2026/02/18 00:00:00","2026/08/03 08:58:00"
"8960","136,99","0","2026/02/18 00:00:00","2026/08/03 08:58:00"
"8966","139,99","0","2026/02/18 00:00:00","2026/08/03 08:58:00"
"8970","129,99","0","2026/02/18 00:00:00","2026/08/03 08:58:00"
"8978","129,99","0","2026/02/18 00:00:00","2026/08/03 08:58:00"
"900","24,99","0","2025/10/07 00:00:00","2026/08/03 08:58:00"
"9017","139,99","0","2026/02/18 00:00:00","2026/08/03 08:58:00"
"9027","199,99","0","2026/02/18 00:00:00","2026/08/03 08:58:00"
"9028","199,99","0","2026/02/18 00:00:00","2026/08/03 08:58:00"
"9049","84,99","0","2026/02/18 00:00:00","2026/08/03 08:58:00"
"9050","89,99","0","2026/02/18 00:00:00","2026/08/03 08:58:00"
"9100","124,99","0","2026/02/18 00:00:00","2026/08/03 08:58:00"
"9108","124,99","0","2026/02/18 00:00:00","2026/08/03 08:58:00"
"9120","99,99","0","2026/02/18 00:00:00","2026/08/03 08:58:00"
"9125","149,99","0","2026/02/18 00:00:00","2026/08/03 08:58:00"
"9128","99,99","0","2026/02/18 00:00:00","2026/08/03 08:58:00"
"9140","69,99","0","2026/02/18 00:00:00","2026/08/03 08:58:00"
"9146","89,99","0","2026/02/18 00:00:00","2026/08/03 08:58:00"
"9160","129,99","0","2026/02/18 00:00:00","2026/08/03 08:58:00"
"9162","129,99","0","2026/02/18 00:00:00","2026/08/03 08:58:00"
"9168","129,99","0","2026/02/18 00:00:00","2026/08/03 08:58:00"
"9170","129,99","0","2026/02/18 00:00:00","2026/08/03 08:58:00"
"9172","129,99","0","2026/02/18 00:00:00","2026/08/03 08:58:00"
"9178","129,99","0","2026/02/18 00:00:00","2026/08/03 08:58:00"
"9180","129,99","0","2026/04/20 00:00:00","2026/08/03 08:58:00"
"9183","129,99","0","2026/02/18 00:00:00","2026/08/03 08:58:00"
"9188","129,99","0","2026/04/20 00:00:00","2026/08/03 08:58:00"
"9190","134,99","0","2026/02/18 00:00:00","2026/08/03 08:58:00"
"9196","134,99","0","2026/02/18 00:00:00","2026/08/03 08:58:00"
"9198","134,99","0","2026/02/18 00:00:00","2026/08/03 08:58:00"
"921","29,99","0","2025/10/07 00:00:00","2026/08/03 08:58:00"
"9210","189,99","0","2026/02/18 00:00:00","2026/08/03 08:58:00"
"9218","189,99","0","2026/02/18 00:00:00","2026/08/03 08:58:00"
"9228","129,99","0","2026/02/18 00:00:00","2026/08/03 08:58:00"
"923","29,99","0","2025/10/07 00:00:00","2026/08/03 08:58:00"
"9248","134,99","0","2026/02/18 00:00:00","2026/08/03 08:58:00"
"925","29,99","0","2025/10/07 00:00:00","2026/08/03 08:58:00"
"9274","144,99","0","2026/02/18 00:00:00","2026/08/03 08:58:00"
"933","18,99","0","2025/10/07 00:00:00","2026/08/03 08:58:00"
"9330","124,99","0","2026/04/20 00:00:00","2026/08/03 08:58:00"
"9338","124,99","0","2026/04/20 00:00:00","2026/08/03 08:58:00"
"934","18,99","0","2025/10/07 00:00:00","2026/08/03 08:58:00"
"9340","124,99","0","2026/04/20 00:00:00","2026/08/03 08:58:00"
"9348","124,99","0","2026/04/20 00:00:00","2026/08/03 08:58:00"
"935","18,99","0","2025/10/07 00:00:00","2026/08/03 08:58:00"
"9350","129,99","0","2026/02/18 00:00:00","2026/08/03 08:58:00"
"9358","129,99","0","2026/02/18 00:00:00","2026/08/03 08:58:00"
"9360","129,99","0","2026/04/20 00:00:00","2026/08/03 08:58:00"
"9368","129,99","0","2026/04/20 00:00:00","2026/08/03 08:58:00"
"9376","159,99","0","2026/02/18 00:00:00","2026/08/03 08:58:00"
"9377","179,99","0","2026/02/18 00:00:00","2026/08/03 08:58:00"
"9378","159,99","0","2026/02/18 00:00:00","2026/08/03 08:58:00"
"9386","149,99","0","2026/02/18 00:00:00","2026/08/03 08:58:00"
"9398","149,99","0","2026/02/18 00:00:00","2026/08/03 08:58:00"
"940","46,99","0","2025/10/07 00:00:00","2026/08/03 08:58:00"
"942","46,99","0","2025/10/07 00:00:00","2026/08/03 08:58:00"
"9428","84,99","0","2026/02/18 00:00:00","2026/08/03 08:58:00"
"943","46,99","0","2025/10/07 00:00:00","2026/08/03 08:58:00"
"944","46,99","0","2025/10/07 00:00:00","2026/08/03 08:58:00"
"945","46,99","0","2025/10/07 00:00:00","2026/08/03 08:58:00"
"946","74,99","0","2025/10/07 00:00:00","2026/08/03 08:58:00"
"9470","124,99","0","2026/04/20 00:00:00","2026/08/03 08:58:00"
"9478","124,99","0","2026/04/20 00:00:00","2026/08/03 08:58:00"
"948","24,99","0","2025/10/07 00:00:00","2026/08/03 08:58:00"
"950","24,99","0","2025/10/07 00:00:00","2026/08/03 08:58:00"
"9518","139,99","0","2026/02/18 00:00:00","2026/08/03 08:58:00"
"952","44,99","0","2026/02/18 00:00:00","2026/08/03 08:58:00"
"953","44,99","0","2026/02/18 00:00:00","2026/08/03 08:58:00"
"9530","28,99","0","2026/02/18 00:00:00","2026/08/03 08:58:00"
"954","44,99","0","2026/02/18 00:00:00","2026/08/03 08:58:00"
"9540","28,99","0","2026/02/18 00:00:00","2026/08/03 08:58:00"
"955","44,99","0","2026/02/18 00:00:00","2026/08/03 08:58:00"
"956","44,99","0","2026/02/18 00:00:00","2026/08/03 08:58:00"
"9568","159,99","0","2026/02/18 00:00:00","2026/08/03 08:58:00"
"957","44,99","0","2026/02/18 00:00:00","2026/08/03 08:58:00"
"9578","129,99","0","2026/04/20 00:00:00","2026/08/03 08:58:00"
"958","44,99","0","2026/02/18 00:00:00","2026/08/03 08:58:00"
"9588","139,99","0","2026/04/20 00:00:00","2026/08/03 08:58:00"
"959","44,99","0","2026/02/18 00:00:00","2026/08/03 08:58:00"
"9598","139,99","0","2026/02/18 00:00:00","2026/08/03 08:58:00"
"960","44,99","0","2026/02/18 00:00:00","2026/08/03 08:58:00"
"9608","189,99","0","2026/02/18 00:00:00","2026/08/03 08:58:00"
"9618","149,99","0","2026/02/18 00:00:00","2026/08/03 08:58:00"
"9628","139,99","0","2026/02/18 00:00:00","2026/08/03 08:58:00"
"9638","144,99","0","2026/02/18 00:00:00","2026/08/03 08:58:00"
"965","14,99","0","2025/10/07 00:00:00","2026/08/03 08:58:00"
"9650","129,99","0","2026/02/18 00:00:00","2026/08/03 08:58:00"
"966","14,99","0","2025/10/07 00:00:00","2026/08/03 08:58:00"
"9660","199,99","0","2026/02/18 00:00:00","2026/08/03 08:58:00"
"9670","154,99","0","2026/02/18 00:00:00","2026/08/03 08:58:00"
"9680","139,99","0","2026/02/18 00:00:00","2026/08/03 08:58:00"
"9688","139,99","0","2026/02/18 00:00:00","2026/08/03 08:58:00"
"9690","139,99","0","2026/02/18 00:00:00","2026/08/03 08:58:00"
"9698","139,99","0","2026/02/18 00:00:00","2026/08/03 08:58:00"
"9700","149,99","0","2026/02/18 00:00:00","2026/08/03 08:58:00"
"9708","149,99","0","2026/02/18 00:00:00","2026/08/03 08:58:00"
"9710","189,99","0","2026/02/18 00:00:00","2026/08/03 08:58:00"
"9718","189,99","0","2026/02/18 00:00:00","2026/08/03 08:58:00"
"9728","129,99","0","2026/02/18 00:00:00","2026/08/03 08:58:00"
"9738","129,99","0","2026/02/18 00:00:00","2026/08/03 08:58:00"
"9754","39,99","0","2026/02/18 00:00:00","2026/08/03 08:58:00"
"9800","129,99","0","2026/02/18 00:00:00","2026/08/03 08:58:00"
"9808","129,99","0","2026/02/18 00:00:00","2026/08/03 08:58:00"
"9810","89,99","0","2026/02/18 00:00:00","2026/08/03 08:58:00"
"9818","89,99","0","2026/02/18 00:00:00","2026/08/03 08:58:00"
"9820","89,99","0","2026/02/18 00:00:00","2026/08/03 08:58:00"
"9828","89,99","0","2026/02/18 00:00:00","2026/08/03 08:58:00"
"9838","104,99","0","2026/02/18 00:00:00","2026/08/03 08:58:00"
"984","44,99","0","2025/11/26 00:00:00","2026/08/03 08:58:00"
"9848","134,99","0","2026/02/18 00:00:00","2026/08/03 08:58:00"
"989","79,99","0","2025/12/11 00:00:00","2026/08/03 08:58:00"
"991","114,99","0","2025/10/06 00:00:00","2026/08/03 08:58:00"
"993","59,99","0","2025/11/26 00:00:00","2026/08/03 08:58:00"
"9930","189,99","0","2026/02/18 00:00:00","2026/08/03 08:58:00"
"9940","119,99","0","2026/02/18 00:00:00","2026/08/03 08:58:00"
"9948","119,99","0","2026/02/18 00:00:00","2026/08/03 08:58:00"
"9958","179,99","0","2026/02/18 00:00:00","2026/08/03 08:58:00"
"996","44,99","0","2025/11/26 00:00:00","2026/08/03 08:58:00"
"9968","119,99","0","2026/02/18 00:00:00","2026/08/03 08:58:00"
"997","44,99","0","2026/02/18 00:00:00","2026/08/03 08:58:00"
"9978","119,99","0","2026/02/18 00:00:00","2026/08/03 08:58:00"
"9988","119,99","0","2026/02/18 00:00:00","2026/08/03 08:58:00"
"999","119,99","0","2026/02/18 00:00:00","2026/08/03 08:58:00"
"None","149,99","0","2026/04/20 00:00:00","2026/08/03 08:58:00"
"SP1229","74,99","0","2026/02/18 00:00:00","2026/08/03 08:58:00"
"SP1262","64,99","0","2026/02/18 00:00:00","2026/08/03 08:58:00"
"SP1349","64,99","0","2026/02/18 00:00:00","2026/08/03 08:58:00"
"SP1831","79,99","0","2026/02/18 00:00:00","2026/08/03 08:58:00"
"SP1905","34,99","0","2026/02/18 00:00:00","2026/08/03 08:58:00"
